0	1	2	3	4
rs150794748_m	rs72659201_m	rs67874885_m	rs76266717_m	rs35836191_m
rs140224603_m	rs150794748_m	rs140529843_m	rs187509586_m	rs61769198_m
rs67874885_m	rs76677301_m	rs189442736_m	rs10917196_m	rs139831675_m
rs140529843_m	rs11589432_m	rs34555419_m	rs150794748_m	rs76035212_m
rs41302778_m	rs140224603_m	rs74742427_m	rs7413155_m	rs12041540_m
rs74919188_m	rs67874885_m	rs116415411_m	rs67874885_m	rs11589432_m
rs34555419_m	rs140529843_m	rs75779179_m	rs41302778_m	rs140224603_m
rs13084063_m	rs41302778_m	rs9917792_m	rs34555419_m	rs140529843_m
rs571956434_m	rs111541022_m	rs12635744_m	rs146272610_m	rs41302778_m
rs1965290_m	rs74919188_m	rs9872517_m	rs78120455_m	rs34555419_m
rs58563555_m	rs34555419_m	rs138176253_m	rs9825582_m	rs7636691_m
rs138176253_m	rs145459800_m	rs139321243_m	rs73860717_m	rs114429152_m
rs62273121_m	rs17726725_m	rs73203403_m	rs7643005_m	rs78120455_m
rs58218495_m	rs13084063_m	rs62273121_m	rs58218495_m	rs9854485_m
rs187432070_m	rs7636691_m	rs2581628_m	rs13142462_m	rs78793891_m
rs17083076_m	rs114429152_m	rs190328567_m	rs112586832_m	rs58218495_m
rs13142462_m	rs78120455_m	rs149527606_m	rs149527606_m	rs73164735_m
rs73240547_m	rs571956434_m	rs115701023_m	rs79220368_m	rs77984205_m
rs115701023_m	rs116182279_m	rs115628998_m	rs12513096_m	rs116562818_m
rs115628998_m	rs9854729_m	rs72806257_m	rs189769609_m	rs17083076_m
rs116449362_m	rs528779602_m	rs2844580_m	rs35669629_m	rs56383248_m
rs116152825_m	rs575089268_m	rs7757420_m	rs406150_m	rs149527606_m
rs7654438_m	rs34566348_m	rs36096565_m	rs67101146_m	rs79220368_m
rs144327778_m	rs62273121_m	rs9270599_m	rs9313828_m	rs184291275_m
rs141051250_m	rs114706200_m	rs77169019_m	rs2844580_m	rs72806257_m
rs76069554_m	rs58218495_m	rs118027082_m	rs7757420_m	rs2844580_m
rs7757420_m	rs115628998_m	rs78416779_m	rs34744948_m	rs7757420_m
rs2269476_m	rs116449362_m	rs28537590_m	rs9270599_m	rs77169019_m
rs34744948_m	rs17276967_m	rs138490397_m	rs191878542_m	rs72653572_m
rs9270599_m	rs2844580_m	rs72716936_m	rs2499767_m	rs118027082_m
rs2451375_m	rs6457509_m	rs72716950_m	rs77169019_m	rs28537590_m
rs118027082_m	rs77169019_m	rs67259800_m	rs186486331_m	rs150834019_m
rs145683289_m	rs72653572_m	rs72718778_m	rs72720099_m	rs143530128_m
rs28537590_m	rs118027082_m	rs116864430_m	rs77647659_m	rs141062087_m
rs117622394_m	rs73337567_m	rs146180973_m	rs72718778_m	rs72716936_m
rs150834019_m	rs147137688_m	rs7023208_m	rs8177804_m	rs72718778_m
rs143530128_m	rs78416779_m	rs72762640_m	rs13287637_m	rs10087246_m
rs72716936_m	rs145683289_m	rs2259214_m	rs7023208_m	rs7023208_m
rs72718778_m	rs28537590_m	rs129994_m	rs9302815_m	rs72762640_m
rs149713782_m	rs79318144_m	rs139090679_m	rs117020619_m	rs129994_m
rs75506800_m	rs7459568_m	rs146754796_m	rs129994_m	rs144243197_m
rs7023208_m	rs72716936_m	rs56942423_m	rs147255257_m	rs112577818_m
rs72762640_m	rs72718778_m	rs78336371_m	rs73510369_m	rs117941433_m
rs117020619_m	rs10087246_m	rs11799887_f	rs146754796_m	rs56942423_m
rs139090679_m	rs2153838_m	rs71638874_f	rs75379427_m	rs74656135_m
rs147255257_m	rs62574455_m	rs116218025_f	rs76266717_f	rs75379427_m
rs113879805_m	rs584190_m	rs41302778_f	rs71638874_f	rs10917042_f
rs111500568_m	rs7023208_m	rs61106206_f	rs4660489_f	rs71638874_f
rs146754796_m	rs10120850_m	rs114687191_f	rs150479064_f	rs116218025_f
rs150392264_m	rs72766568_m	rs62233032_f	rs116218025_f	rs140529843_f
rs148078592_m	rs111500568_m	rs7650618_f	rs190247930_f	rs80201544_f
rs144243197_m	rs146754796_m	rs113664570_f	rs41302778_f	rs41302778_f
rs77822078_m	rs112577818_m	rs12490230_f	rs150002738_f	rs4685205_f
rs56942423_m	rs71364197_m	rs9917792_f	rs62233032_f	rs184745845_f
rs3859250_m	rs138458916_m	rs146272610_f	rs7650618_f	rs76416590_f
rs2001124_m	rs5930616_m	rs76416590_f	rs146272610_f	rs17216347_f
rs144545499_m	rs71638874_f	rs17216347_f	rs146005261_f	rs145590853_f
rs71638874_f	rs72678377_f	rs151269448_f	rs151269448_f	rs149316678_f
rs72678377_f	rs116218025_f	rs145590853_f	rs145590853_f	rs9882647_f
rs116218025_f	rs41302778_f	rs9854729_f	rs73231266_f	rs75543533_f
rs150703020_f	rs72846993_f	rs75543533_f	rs4683629_f	rs1978600_f
rs140529843_f	rs114687191_f	rs138072779_f	rs111915634_f	rs4683629_f
rs41302778_f	rs62233032_f	rs145930653_f	rs73252944_f	rs13061037_f
rs13001436_f	rs145590853_f	rs56834107_f	rs77217171_2_f	rs1551066_f
rs62232959_f	rs9854729_f	rs78793891_f	rs1038115_f	rs816547_f
rs62233032_f	rs56834107_f	rs4683629_f	rs35323270_f	rs573055718_f
rs79133272_f	rs13061037_f	rs73010237_f	rs9264931_f	rs77217171_2_f
rs76416590_f	rs147735769_f	rs77217171_2_f	rs112214065_f	rs9264931_f
rs17216347_f	rs77217171_2_f	rs76334428_f	rs9267484_f	rs2844580_f
rs188440971_f	rs4547776_2_f	rs145427459_f	rs438475_f	rs2844543_f
rs145590853_f	rs2332796_f	rs4547776_2_f	rs9275733_f	rs112214065_f
rs9854729_f	rs72708267_f	rs77419727_f	rs114310352_f	rs7757420_f
rs73231266_f	rs1133684_f	rs1133684_f	rs2495991_2_f	rs9267484_f
rs1978600_f	rs1991493_f	rs2844543_f	rs59922082_f	rs2844463_f
rs193240735_f	rs74746413_f	rs7757420_f	rs117868519_f	rs184003_f
rs9264931_f	rs34744948_f	rs9267484_f	rs118027082_f	rs206018_f
rs112214065_f	rs116172575_f	rs438475_f	rs138906059_f	rs438475_f
rs7757420_f	rs2495991_2_f	rs2495991_2_f	rs187467733_f	rs116172575_f
rs34744948_f	rs12681283_f	rs117868519_f	rs72714356_f	rs114310352_f
rs438475_f	rs118027082_f	rs12681283_f	rs117180124_f	rs2495991_2_f
rs116172575_f	rs147137688_f	rs143620094_f	rs74828088_f	rs117868519_f
rs2981106_f	rs72714356_f	rs117775004_f	rs2181034_f	rs12681283_f
rs117868519_f	rs79188580_f	rs72714356_f	rs76317024_f	rs118027082_f
rs72714697_f	rs117180124_f	rs72714697_f	rs73503978_f	rs138906059_f
rs112545155_f	rs151246320_f	rs149863069_2_f	rs116875306_f	rs72665204_f
rs139078603_f	rs112545155_f	rs41278663_f	rs150970446_f	rs72714356_f
rs149863069_2_f	rs62574455_f	rs117946652_f	rs111305015_f	rs149863069_2_f
rs141491495_f	rs149863069_2_f	rs73503978_f	rs146923460_f	rs141491495_f
rs76317024_f	rs150675350_f	rs116875306_f	rs143270285_f	rs73503978_f
rs79178498_f	rs37846_f	rs150970446_f	rs77822078_f	rs150970446_f
rs73503978_f	rs73503978_f	rs7184446_f	rs76230666_f	rs149746636_f
rs116875306_f	rs758434_f	rs111305015_f	rs8076936_f	rs17138385_f
rs7184446_f	rs67853213_f	rs146923460_f	rs79350445_f	rs146923460_f
rs146923460_f	rs146923460_f	rs143270285_f	rs73261904_f	rs12939398_f
rs77822078_f	rs117133832_f	rs74656135_f	rs11078186_f	rs79350445_f
rs76230666_f	rs78336371_f	rs73261904_f	rs9915627_f	rs74656135_f
rs2312056_f	rs187800701_f	rs113757163_f	rs35183165_f	rs113757163_f
rs2001124_f	rs188603317_f	rs62219717_f	rs149177736_f	rs149177736_f
rs141453072_f	rs144327896_f	rs6010742_f	rs191463305_f	rs5930433_f
rs138995825_f	rs5930433_f	rs2001124_f	rs5930433_f	rs2119661_f
