,test_perm,test_pval,test_score,train_score,auc_prob,auc_pred,r2,tn,fp,fn,tp,fold,gen,model,subset
0,0.49853,0.03393,0.5277,0.59457,0.5277,0.5099,-9.20597,1424,1752,36,48,3,f,bnb,top29
1,0.50026,0.82435,0.48423,0.59447,0.48423,0.50478,-9.29357,1694,1482,44,40,3,f,bnb,top29
2,0.50079,0.12375,0.52078,0.60023,0.52078,0.50954,-9.2758,1573,1603,40,44,3,f,bnb,top29
3,0.50126,0.63473,0.49623,0.57944,0.49623,0.47585,-9.326,1548,1628,45,39,3,f,bnb,top29
4,0.49835,0.33733,0.50406,0.6052,0.50406,0.51178,-9.57121,1625,1551,41,43,3,f,bnb,top29
5,0.49952,0.82236,0.485,0.61687,0.485,0.48889,-9.67164,1404,1772,39,45,3,f,bnb,top29
6,0.50182,0.0519,0.53043,0.60226,0.53043,0.54034,-9.42818,1693,1483,38,46,3,f,bnb,top29
7,0.50002,0.08184,0.52441,0.58854,0.52441,0.52592,-9.05113,1677,1499,40,44,3,f,bnb,top29
8,0.49978,0.03194,0.53411,0.60201,0.53411,0.52781,-9.14625,1689,1487,40,44,3,f,bnb,top29
9,0.50061,0.68663,0.49418,0.60358,0.49418,0.51337,-9.39155,1257,1919,31,53,3,f,bnb,top29
10,0.50006,0.26148,0.51083,0.61541,0.51083,0.49899,-9.60246,1695,1481,45,39,3,f,bnb,top29
11,0.50103,0.19561,0.51464,0.60148,0.51464,0.49336,-9.49238,1508,1668,41,43,3,f,bnb,top29
12,0.49934,0.62675,0.49338,0.59269,0.49338,0.51155,-9.28944,1737,1439,44,40,3,f,bnb,top29
13,0.50069,0.00798,0.54022,0.58155,0.54022,0.50825,-9.12439,1527,1649,39,45,3,f,bnb,top29
14,0.50108,0.02196,0.53698,0.60479,0.53698,0.49544,-9.23079,1370,1806,37,47,3,f,bnb,top29
15,0.5005,0.5988,0.49706,0.59063,0.49706,0.49565,-9.18851,1636,1540,44,40,3,f,bnb,top29
16,0.49865,0.05389,0.52551,0.60313,0.52551,0.49547,-9.38412,1408,1768,38,46,3,f,bnb,top29
17,0.4998,0.21756,0.51226,0.60579,0.51226,0.45994,-9.46759,1636,1540,50,34,3,f,bnb,top29
18,0.49875,0.0519,0.52416,0.61176,0.52416,0.50775,-9.66328,1486,1690,38,46,3,f,bnb,top29
19,0.49922,0.06587,0.52289,0.61146,0.52289,0.52576,-9.45835,1676,1500,40,44,3,f,bnb,top29
0,0.49921,0.27545,0.50822,0.6696,0.50822,0.5169,-9.59742,1715,1462,42,41,0,combine,bnb,top29
1,0.50072,0.01796,0.53936,0.67442,0.53936,0.51694,-9.8212,1677,1500,41,42,0,combine,bnb,top29
2,0.49966,0.12974,0.51725,0.68227,0.51725,0.50599,-9.91641,1684,1493,43,40,0,combine,bnb,top29
3,0.49946,0.61477,0.49457,0.69568,0.49457,0.52229,-10.39079,1711,1466,41,42,0,combine,bnb,top29
4,0.49995,0.00399,0.54231,0.67021,0.54231,0.55489,-9.63,1765,1412,37,46,0,combine,bnb,top29
5,0.50133,0.33134,0.51004,0.68325,0.51004,0.51914,-9.85065,1691,1486,41,42,0,combine,bnb,top29
6,0.49904,0.52096,0.49865,0.68009,0.49865,0.51411,-9.93367,1659,1518,41,42,0,combine,bnb,top29
7,0.50073,0.002,0.54998,0.66182,0.54998,0.5369,-9.67014,1689,1488,38,45,0,combine,bnb,top29
8,0.49875,0.13573,0.5182,0.6733,0.5182,0.52205,-9.6557,1786,1391,43,40,0,combine,bnb,top29
9,0.50024,0.06587,0.52611,0.68034,0.52611,0.49815,-10.03509,1749,1428,46,37,0,combine,bnb,top29
10,0.50122,0.002,0.56785,0.66998,0.56785,0.56415,-9.65971,1709,1468,34,49,0,combine,bnb,top29
11,0.49882,0.00399,0.54646,0.65246,0.54646,0.53142,-9.7526,1769,1408,41,42,0,combine,bnb,top29
12,0.4997,0.02595,0.53339,0.7015,0.53339,0.53993,-10.20346,1670,1507,37,46,0,combine,bnb,top29
13,0.50066,0.00599,0.54441,0.67247,0.54441,0.5104,-9.6229,1712,1465,43,40,0,combine,bnb,top29
14,0.49906,0.36527,0.50473,0.65531,0.50473,0.48779,-9.2371,1798,1379,49,34,0,combine,bnb,top29
15,0.50038,0.03792,0.52796,0.6762,0.52796,0.51209,-9.68476,1761,1416,44,39,0,combine,bnb,top29
16,0.50068,0.002,0.56575,0.67297,0.56575,0.5706,-9.54677,1750,1427,34,49,0,combine,bnb,top29
17,0.50012,0.29341,0.50871,0.6685,0.50871,0.50202,-9.72871,1697,1480,44,39,0,combine,bnb,top29
18,0.49952,0.00998,0.53425,0.65546,0.53425,0.52335,-9.41711,1756,1421,42,41,0,combine,bnb,top29
19,0.50043,0.002,0.57318,0.68036,0.57318,0.5706,-9.67233,1750,1427,34,49,0,combine,bnb,top29
0,0.50042,0.01796,0.5343,0.6627,0.5343,0.52251,-9.46183,1731,1445,42,42,2,combine,bnb,top29
1,0.50068,0.002,0.54924,0.68141,0.54924,0.54871,-9.12443,1784,1392,39,45,2,combine,bnb,top29
2,0.50086,0.002,0.55958,0.66502,0.55958,0.54478,-9.21122,1759,1417,39,45,2,combine,bnb,top29
3,0.50196,0.00599,0.55135,0.66911,0.55135,0.55243,-9.53394,1732,1444,37,47,2,combine,bnb,top29
4,0.50008,0.18363,0.51677,0.65643,0.51677,0.50972,-9.06716,1801,1375,46,38,2,combine,bnb,top29
5,0.49957,0.03992,0.52828,0.64416,0.52828,0.53526,-8.89265,1812,1364,42,42,2,combine,bnb,top29
6,0.50091,0.002,0.59018,0.6661,0.59018,0.56084,-9.03585,1861,1315,39,45,2,combine,bnb,top29
7,0.49934,0.002,0.56113,0.6581,0.56113,0.53933,-9.10747,1800,1376,41,43,2,combine,bnb,top29
8,0.50061,0.002,0.573,0.6713,0.573,0.55823,-9.4268,1731,1445,36,48,2,combine,bnb,top29
9,0.50095,0.01397,0.53615,0.66089,0.53615,0.54446,-9.30069,1757,1419,39,45,2,combine,bnb,top29
10,0.50065,0.0978,0.52297,0.65754,0.52297,0.52727,-9.09088,1799,1377,43,41,2,combine,bnb,top29
11,0.50078,0.03194,0.53083,0.6834,0.53083,0.51436,-9.69216,1717,1459,43,41,2,combine,bnb,top29
12,0.50014,0.00399,0.54898,0.66643,0.54898,0.53785,-9.4811,1715,1461,39,45,2,combine,bnb,top29
13,0.49958,0.002,0.56278,0.67065,0.56278,0.55542,-9.30109,1751,1425,37,47,2,combine,bnb,top29
14,0.50068,0.002,0.55298,0.65426,0.55298,0.54008,-9.10303,1767,1409,40,44,2,combine,bnb,top29
15,0.50094,0.002,0.58755,0.66837,0.58755,0.56377,-8.98183,1804,1372,37,47,2,combine,bnb,top29
16,0.49952,0.08184,0.52337,0.65729,0.52337,0.50796,-9.33729,1752,1424,45,39,2,combine,bnb,top29
17,0.49929,0.002,0.5493,0.67321,0.5493,0.5084,-9.38009,1717,1459,44,40,2,combine,bnb,top29
18,0.49972,0.002,0.55536,0.68622,0.55536,0.53083,-9.44539,1746,1430,41,43,2,combine,bnb,top29
19,0.50073,0.002,0.55576,0.6762,0.55576,0.54213,-9.29699,1780,1396,40,44,2,combine,bnb,top29
0,0.49962,0.74451,0.48811,0.62473,0.48811,0.4727,-8.52807,2133,1043,61,23,4,m,knn,top29
1,0.50019,0.13373,0.5168,0.66163,0.5168,0.53081,-8.55391,2124,1052,51,33,4,m,knn,top29
2,0.49885,0.002,0.57811,0.6128,0.57811,0.57541,-8.74442,2067,1109,42,42,4,m,knn,top29
3,0.50009,0.26148,0.51069,0.62941,0.51069,0.50618,-8.5935,2081,1095,54,30,4,m,knn,top29
4,0.49998,0.00399,0.54438,0.60829,0.54438,0.53213,-8.28493,2208,968,53,31,4,m,knn,top29
5,0.50107,0.01198,0.53682,0.65893,0.53682,0.53009,-8.86805,2006,1170,48,36,4,m,knn,top29
6,0.49954,0.002,0.55166,0.65311,0.55166,0.5128,-8.32846,2123,1053,54,30,4,m,knn,top29
7,0.50019,0.03792,0.52708,0.61549,0.52708,0.52158,-8.39252,2141,1035,53,31,4,m,knn,top29
8,0.50048,0.11377,0.52143,0.6485,0.52143,0.50776,-8.65616,2091,1085,54,30,4,m,knn,top29
9,0.49955,0.22355,0.5107,0.6573,0.5107,0.50382,-8.1741,2255,921,59,25,4,m,knn,top29
10,0.49924,0.2475,0.50891,0.61358,0.50891,0.51819,-8.97555,2006,1170,50,34,4,m,knn,top29
11,0.501,0.01796,0.53589,0.65271,0.53589,0.53711,-8.35608,2164,1012,51,33,4,m,knn,top29
12,0.49923,0.07186,0.52308,0.62923,0.52308,0.53903,-8.35146,2214,962,52,32,4,m,knn,top29
13,0.5002,0.78643,0.48679,0.6396,0.48679,0.50427,-9.61253,1842,1334,48,36,4,m,knn,top29
14,0.49877,0.96208,0.47067,0.61579,0.47067,0.48704,-8.80332,2035,1141,56,28,4,m,knn,top29
15,0.49939,0.002,0.55312,0.64135,0.55312,0.51831,-9.10276,1969,1207,49,35,4,m,knn,top29
16,0.50013,0.87824,0.48099,0.58993,0.48099,0.49154,-8.9853,1988,1188,54,30,4,m,knn,top29
17,0.49776,0.002,0.56426,0.64732,0.56426,0.54398,-9.06698,1943,1233,44,40,4,m,knn,top29
18,0.49898,0.23752,0.51008,0.67095,0.51008,0.49708,-8.78673,2061,1115,55,29,4,m,knn,top29
19,0.49959,0.08982,0.52556,0.63029,0.52556,0.51119,-8.69914,2075,1101,53,31,4,m,knn,top29
0,0.49944,0.22355,0.51176,0.6147,0.51176,0.49355,-6.44311,2447,730,65,18,0,f,knn,top29
1,0.5007,0.1497,0.5162,0.60982,0.5162,0.50067,-6.92866,2454,723,64,19,0,f,knn,top29
2,0.50131,0.11776,0.52068,0.61654,0.52068,0.49063,-6.37073,2505,672,67,16,0,f,knn,top29
3,0.49997,0.01198,0.53896,0.635,0.53896,0.51663,-7.20045,2364,813,59,24,0,f,knn,top29
4,0.49998,0.30339,0.50857,0.62927,0.50857,0.51631,-6.9416,2362,815,59,24,0,f,knn,top29
5,0.50071,0.34331,0.50795,0.639,0.50795,0.50103,-6.76176,2418,759,63,20,0,f,knn,top29
6,0.49964,0.2495,0.50998,0.63342,0.50998,0.51,-6.3062,2475,702,63,20,0,f,knn,top29
7,0.49872,0.33134,0.50577,0.60852,0.50577,0.50243,-5.62292,2580,597,67,16,0,f,knn,top29
8,0.50023,0.002,0.55021,0.61389,0.55021,0.54726,-7.4969,2329,848,53,30,0,f,knn,top29
9,0.50078,0.51896,0.4993,0.59262,0.4993,0.48289,-6.91279,2341,836,64,19,0,f,knn,top29
10,0.49972,0.09581,0.51965,0.61937,0.51965,0.50353,-5.84091,2587,590,67,16,0,f,knn,top29
11,0.49971,0.09182,0.52208,0.61539,0.52208,0.49808,-7.19977,2361,816,62,21,0,f,knn,top29
12,0.49941,0.2515,0.50996,0.65633,0.50996,0.51013,-6.87589,2361,816,60,23,0,f,knn,top29
13,0.50123,0.46906,0.50278,0.62607,0.50278,0.49685,-6.51557,2468,709,65,18,0,f,knn,top29
14,0.50008,0.68463,0.49158,0.61651,0.49158,0.48402,-6.46982,2463,714,67,16,0,f,knn,top29
15,0.50016,0.81038,0.4858,0.62271,0.4858,0.47894,-6.41472,2469,708,68,15,0,f,knn,top29
16,0.50026,0.32735,0.50675,0.66234,0.50675,0.48947,-7.03726,2268,909,61,22,0,f,knn,top29
17,0.49921,0.74251,0.48899,0.58917,0.48899,0.47921,-6.3059,2509,668,69,14,0,f,knn,top29
18,0.49915,0.04192,0.52801,0.58532,0.52801,0.5494,-7.53525,2266,911,51,32,0,f,knn,top29
19,0.49984,0.42515,0.50309,0.60442,0.50309,0.50162,-6.58185,2460,717,64,19,0,f,knn,top29
0,0.49876,0.07186,0.52276,0.57884,0.52276,0.54768,-6.75358,2458,718,57,27,2,f,knn,top29
1,0.4998,0.25549,0.51118,0.60948,0.51118,0.55024,-7.40152,2323,853,53,31,2,f,knn,top29
2,0.49899,0.02395,0.53413,0.59893,0.53413,0.55842,-7.33171,2375,801,53,31,2,f,knn,top29
3,0.49945,0.38124,0.50481,0.59954,0.50481,0.56163,-6.69561,2471,705,55,29,2,f,knn,top29
4,0.50125,0.02395,0.53209,0.5796,0.53209,0.56233,-7.15271,2362,814,52,32,2,f,knn,top29
5,0.49956,0.00399,0.53747,0.5999,0.53747,0.56359,-7.10274,2370,806,52,32,2,f,knn,top29
6,0.49952,0.002,0.55749,0.5937,0.55749,0.57414,-7.52183,2248,928,47,37,2,f,knn,top29
7,0.50015,0.00599,0.54067,0.61238,0.54067,0.57386,-7.22886,2284,892,48,36,2,f,knn,top29
8,0.50018,0.14371,0.51664,0.5856,0.51664,0.55407,-6.45352,2423,753,55,29,2,f,knn,top29
9,0.50032,0.00798,0.53613,0.59083,0.53613,0.56563,-5.98747,2572,604,57,27,2,f,knn,top29
10,0.49963,0.002,0.56835,0.61898,0.56835,0.57417,-7.15373,2286,890,48,36,2,f,knn,top29
11,0.49939,0.13573,0.51701,0.58145,0.51701,0.53835,-5.99913,2550,626,61,23,2,f,knn,top29
12,0.50128,0.1996,0.51368,0.59154,0.51368,0.53865,-7.35211,2325,851,55,29,2,f,knn,top29
13,0.49957,0.05389,0.52455,0.59697,0.52455,0.55826,-6.99363,2374,802,53,31,2,f,knn,top29
14,0.49976,0.002,0.54289,0.59893,0.54289,0.57297,-6.34452,2543,633,55,29,2,f,knn,top29
15,0.50052,0.002,0.55068,0.59888,0.55068,0.54919,-6.82882,2392,784,55,29,2,f,knn,top29
16,0.49976,0.00798,0.53756,0.61339,0.53756,0.56758,-6.53909,2471,705,54,30,2,f,knn,top29
17,0.49909,0.02794,0.53245,0.59726,0.53245,0.5514,-6.77877,2406,770,55,29,2,f,knn,top29
18,0.50093,0.01397,0.53751,0.59748,0.53751,0.56144,-6.88486,2432,744,54,30,2,f,knn,top29
19,0.49965,0.01397,0.53413,0.58242,0.53413,0.55429,-6.21754,2500,676,57,27,2,f,knn,top29
0,0.49949,0.53693,0.49812,0.6663,0.49812,0.48851,-7.21665,2309,867,63,21,3,f,knn,top29
1,0.50083,0.1018,0.52001,0.58195,0.52001,0.51575,-7.28758,2293,883,58,26,3,f,knn,top29
2,0.49971,0.07784,0.5233,0.60462,0.5233,0.48773,-8.22033,2115,1061,58,26,3,f,knn,top29
3,0.4996,0.64471,0.49326,0.6171,0.49326,0.50167,-7.09498,2317,859,61,23,3,f,knn,top29
4,0.49868,0.01397,0.53596,0.6231,0.53596,0.51739,-7.77703,2190,986,55,29,3,f,knn,top29
5,0.50009,0.41317,0.50469,0.5854,0.50469,0.47201,-7.43383,2242,934,64,20,3,f,knn,top29
6,0.50004,0.08982,0.52128,0.61171,0.52128,0.52275,-9.13131,2035,1141,50,34,3,f,knn,top29
7,0.49998,0.94012,0.47686,0.59118,0.47686,0.48798,-7.78624,2230,946,61,23,3,f,knn,top29
8,0.50063,0.13174,0.51905,0.60738,0.51905,0.49031,-7.58362,2207,969,60,24,3,f,knn,top29
9,0.50099,0.21158,0.51306,0.59659,0.51306,0.49182,-8.30009,2141,1035,58,26,3,f,knn,top29
10,0.50048,0.51297,0.50004,0.63779,0.50004,0.47947,-7.96782,2176,1000,61,23,3,f,knn,top29
11,0.50048,0.16966,0.51528,0.62577,0.51528,0.49018,-7.52362,2244,932,61,23,3,f,knn,top29
12,0.50026,0.87425,0.48119,0.61649,0.48119,0.46738,-8.09455,2137,1039,62,22,3,f,knn,top29
13,0.49954,0.32934,0.50652,0.60855,0.50652,0.47298,-7.39684,2286,890,65,19,3,f,knn,top29
14,0.50002,0.03194,0.52956,0.56378,0.52956,0.51317,-8.01006,2201,975,56,28,3,f,knn,top29
15,0.49977,0.68263,0.49256,0.62651,0.49256,0.50526,-7.39942,2302,874,60,24,3,f,knn,top29
16,0.49937,0.56886,0.49668,0.61102,0.49668,0.48722,-7.71703,2263,913,62,22,3,f,knn,top29
17,0.50021,0.64471,0.4959,0.57777,0.4959,0.46809,-6.46819,2444,732,70,14,3,f,knn,top29
18,0.49949,0.87625,0.48188,0.62342,0.48188,0.47084,-7.04438,2348,828,67,17,3,f,knn,top29
19,0.5,0.17365,0.51545,0.60467,0.51545,0.49465,-7.91942,2159,1017,58,26,3,f,knn,top29
0,0.49943,0.12974,0.51685,0.59625,0.51685,0.48421,-5.00009,2622,554,72,12,4,f,knn,top29
1,0.50062,0.01597,0.53491,0.60499,0.53491,0.49792,-5.36972,2520,656,67,17,4,f,knn,top29
2,0.50042,0.00399,0.54354,0.58593,0.54354,0.51139,-5.56329,2530,646,65,19,4,f,knn,top29
3,0.50011,0.00798,0.54114,0.61064,0.54114,0.49417,-5.18017,2534,642,68,16,4,f,knn,top29
4,0.50028,0.02994,0.53223,0.62261,0.53223,0.52418,-4.82047,2649,527,66,18,4,f,knn,top29
5,0.50033,0.17565,0.51569,0.5948,0.51569,0.50232,-5.42076,2548,628,67,17,4,f,knn,top29
6,0.50008,0.002,0.57489,0.59463,0.57489,0.53002,-6.51782,2308,868,56,28,4,f,knn,top29
7,0.49988,0.002,0.54923,0.61144,0.54923,0.5365,-6.13491,2387,789,57,27,4,f,knn,top29
8,0.49957,0.46707,0.50124,0.58142,0.50124,0.4807,-7.1507,2146,1030,60,24,4,f,knn,top29
9,0.49824,0.002,0.55812,0.60919,0.55812,0.5188,-5.89394,2388,788,60,24,4,f,knn,top29
10,0.50032,0.002,0.54581,0.58714,0.54581,0.51474,-6.20839,2400,776,61,23,4,f,knn,top29
11,0.49914,0.00998,0.53701,0.60291,0.53701,0.49757,-5.55094,2480,696,66,18,4,f,knn,top29
12,0.49911,0.14571,0.51673,0.59438,0.51673,0.50787,-5.85267,2432,744,63,21,4,f,knn,top29
13,0.5022,0.00399,0.55565,0.60288,0.55565,0.52132,-6.12992,2404,772,60,24,4,f,knn,top29
14,0.49931,0.16766,0.51362,0.62287,0.51362,0.51771,-7.72807,2192,984,55,29,4,f,knn,top29
15,0.50139,0.03593,0.5303,0.58041,0.5303,0.50966,-5.59145,2519,657,65,19,4,f,knn,top29
16,0.49949,0.03593,0.52882,0.63561,0.52882,0.50179,-5.72692,2469,707,65,19,4,f,knn,top29
17,0.49977,0.01397,0.54211,0.61208,0.54211,0.51814,-6.39575,2346,830,59,25,4,f,knn,top29
18,0.50006,0.07585,0.52453,0.59195,0.52453,0.50906,-5.45894,2553,623,66,18,4,f,knn,top29
19,0.50132,0.002,0.55835,0.62584,0.55835,0.54494,-5.34596,2554,622,60,24,4,f,knn,top29
0,0.49997,0.002,0.56057,0.62712,0.56057,0.54465,-8.89891,1796,1380,40,44,3,m,lda,top29
1,0.49809,0.002,0.56786,0.6499,0.56786,0.53634,-9.03175,1781,1395,41,43,3,m,lda,top29
2,0.50135,0.02794,0.5305,0.64979,0.5305,0.51256,-9.32486,1630,1546,41,43,3,m,lda,top29
3,0.50006,0.002,0.55852,0.6486,0.55852,0.52912,-8.94015,1773,1403,42,42,3,m,lda,top29
4,0.49947,0.002,0.56238,0.6599,0.56238,0.56229,-9.21488,1719,1457,35,49,3,m,lda,top29
5,0.49938,0.002,0.57413,0.64174,0.57413,0.5724,-8.75752,1821,1355,36,48,3,m,lda,top29
6,0.49894,0.002,0.60953,0.62741,0.60953,0.58821,-8.77128,1808,1368,33,51,3,m,lda,top29
7,0.49954,0.002,0.56828,0.64949,0.56828,0.54648,-9.05118,1732,1444,38,46,3,m,lda,top29
8,0.50073,0.002,0.57071,0.63488,0.57071,0.549,-8.95045,1748,1428,38,46,3,m,lda,top29
9,0.5012,0.002,0.58011,0.65396,0.58011,0.52456,-9.15317,1744,1432,42,42,3,m,lda,top29
10,0.49909,0.002,0.56386,0.64522,0.56386,0.56065,-8.85605,1822,1354,38,46,3,m,lda,top29
11,0.50012,0.00599,0.54914,0.64511,0.54914,0.53363,-9.0763,1726,1450,40,44,3,m,lda,top29
12,0.49918,0.002,0.57818,0.63301,0.57818,0.57029,-9.05139,1732,1444,34,50,3,m,lda,top29
13,0.49942,0.002,0.55128,0.63187,0.55128,0.545,-8.69793,1836,1340,41,43,3,m,lda,top29
14,0.50061,0.01397,0.54046,0.63404,0.54046,0.52852,-8.86525,1807,1369,43,41,3,m,lda,top29
15,0.50166,0.00399,0.53958,0.63683,0.53958,0.52194,-8.75173,1803,1373,44,40,3,m,lda,top29
16,0.49977,0.002,0.56204,0.61627,0.56204,0.54547,-8.72981,1839,1337,41,43,3,m,lda,top29
17,0.50043,0.002,0.58436,0.64017,0.58436,0.561,-9.1414,1673,1503,34,50,3,m,lda,top29
18,0.49944,0.002,0.56195,0.65489,0.56195,0.54021,-9.03963,1730,1446,39,45,3,m,lda,top29
19,0.50175,0.002,0.56979,0.62477,0.56979,0.56676,-8.74395,1823,1353,37,47,3,m,lda,top29
0,0.50025,0.77445,0.48755,0.60958,0.48755,0.50273,-9.31048,1625,1552,42,41,0,f,lda,top29
1,0.49832,0.74251,0.48648,0.60435,0.48648,0.47765,-9.12453,1657,1520,47,36,0,f,lda,top29
2,0.49971,0.68263,0.49192,0.60461,0.49192,0.47612,-9.3001,1609,1568,46,37,0,f,lda,top29
3,0.49977,1.0,0.4494,0.60441,0.4494,0.47517,-9.33769,1603,1574,46,37,0,f,lda,top29
4,0.49976,0.81437,0.4847,0.63587,0.4847,0.48286,-9.69006,1537,1640,43,40,0,f,lda,top29
5,0.50008,0.81836,0.48553,0.61555,0.48553,0.46953,-9.33969,1682,1495,49,34,0,f,lda,top29
6,0.49979,0.83433,0.48372,0.60957,0.48372,0.4847,-9.43996,1587,1590,44,39,0,f,lda,top29
7,0.49958,0.17764,0.51596,0.59962,0.51596,0.53836,-9.11297,1660,1517,37,46,0,f,lda,top29
8,0.49891,0.9501,0.47104,0.62409,0.47104,0.47052,-9.34637,1650,1527,48,35,0,f,lda,top29
9,0.49914,0.83832,0.48331,0.61122,0.48331,0.48077,-9.4548,1562,1615,44,39,0,f,lda,top29
10,0.50032,0.71856,0.49061,0.61356,0.49061,0.48246,-9.47482,1611,1566,45,38,0,f,lda,top29
11,0.50019,0.33533,0.50696,0.59866,0.50696,0.52438,-9.16237,1686,1491,40,43,0,f,lda,top29
12,0.50111,0.37924,0.50656,0.61432,0.50656,0.51253,-9.2935,1649,1528,41,42,0,f,lda,top29
13,0.50073,0.44112,0.5036,0.61224,0.5036,0.52568,-9.31087,1656,1521,39,44,0,f,lda,top29
14,0.5002,0.65269,0.4929,0.60121,0.4929,0.48156,-9.22769,1567,1610,44,39,0,f,lda,top29
15,0.50001,0.78443,0.48947,0.60146,0.48947,0.48792,-9.23789,1684,1493,46,37,0,f,lda,top29
16,0.49967,0.42515,0.50345,0.59025,0.50345,0.47477,-9.18687,1677,1500,48,35,0,f,lda,top29
17,0.49966,0.79641,0.48654,0.60467,0.48654,0.48742,-9.39828,1566,1611,43,40,0,f,lda,top29
18,0.49935,0.7505,0.48826,0.60018,0.48826,0.48603,-9.14669,1672,1505,46,37,0,f,lda,top29
19,0.50107,0.98603,0.46283,0.5791,0.46283,0.47162,-9.15463,1657,1520,48,35,0,f,lda,top29
0,0.49965,0.13174,0.51877,0.68736,0.51877,0.52185,-9.63163,1689,1487,41,43,4,combine,lda,top29
1,0.50123,0.04591,0.53035,0.69444,0.53035,0.52544,-9.80282,1674,1502,40,44,4,combine,lda,top29
2,0.50063,0.81038,0.48554,0.69141,0.48554,0.48535,-9.62694,1684,1492,47,37,4,combine,lda,top29
3,0.4994,0.38723,0.50511,0.68401,0.50511,0.49139,-9.18842,1798,1378,49,35,4,combine,lda,top29
4,0.49927,0.002,0.55493,0.67345,0.55493,0.54245,-9.20953,1782,1394,40,44,4,combine,lda,top29
5,0.50025,0.02994,0.53318,0.69872,0.53318,0.52361,-9.49126,1738,1438,42,42,4,combine,lda,top29
6,0.49995,0.02595,0.53163,0.70142,0.53163,0.52566,-9.41724,1751,1425,42,42,4,combine,lda,top29
7,0.50042,0.01397,0.53892,0.67679,0.53892,0.51656,-9.45301,1731,1445,43,41,4,combine,lda,top29
8,0.50026,0.72655,0.4903,0.71286,0.4903,0.46138,-10.07141,1683,1493,51,33,4,combine,lda,top29
9,0.50184,0.07784,0.52339,0.71832,0.52339,0.54053,-9.82317,1732,1444,39,45,4,combine,lda,top29
10,0.49907,0.002,0.55316,0.68077,0.55316,0.54185,-9.14689,1816,1360,41,43,4,combine,lda,top29
11,0.49924,0.00599,0.54579,0.67705,0.54579,0.50579,-9.14698,1776,1400,46,38,4,combine,lda,top29
12,0.49914,0.02595,0.53185,0.70962,0.53185,0.48756,-9.85768,1698,1478,47,37,4,combine,lda,top29
13,0.50101,0.03393,0.5293,0.70481,0.5293,0.52122,-9.78134,1685,1491,41,43,4,combine,lda,top29
14,0.50059,0.14172,0.51928,0.70402,0.51928,0.52264,-9.67419,1694,1482,41,43,4,combine,lda,top29
15,0.50009,0.42116,0.5033,0.68015,0.5033,0.49102,-9.20983,1720,1456,47,37,4,combine,lda,top29
16,0.50059,0.00599,0.54704,0.69894,0.54704,0.55542,-9.31944,1751,1425,37,47,4,combine,lda,top29
17,0.49989,0.01796,0.53637,0.66009,0.53637,0.52934,-8.91824,1850,1326,44,40,4,combine,lda,top29
18,0.49978,0.10778,0.52028,0.69857,0.52028,0.53083,-9.5283,1746,1430,41,43,4,combine,lda,top29
19,0.49988,0.51497,0.49831,0.68252,0.49831,0.48069,-9.37133,1730,1446,49,35,4,combine,lda,top29
0,0.49891,0.002,0.5615,0.63495,0.5615,0.57161,-8.90497,1833,1344,36,47,0,m,lrc,top29
1,0.50039,0.00998,0.54279,0.66584,0.54279,0.54126,-9.2038,1755,1422,39,44,0,m,lrc,top29
2,0.49974,0.002,0.57136,0.64256,0.57137,0.54551,-9.10056,1782,1395,39,44,0,m,lrc,top29
3,0.50067,0.002,0.55513,0.65255,0.55512,0.58836,-9.13071,1748,1429,31,52,0,m,lrc,top29
4,0.50013,0.08982,0.52374,0.66076,0.52374,0.52591,-9.2305,1734,1443,41,42,0,m,lrc,top29
5,0.49778,0.00399,0.54649,0.66499,0.54648,0.55434,-9.305,1685,1492,35,48,0,m,lrc,top29
6,0.49997,0.002,0.54683,0.67467,0.54683,0.543,-9.24722,1766,1411,39,44,0,m,lrc,top29
7,0.50043,0.00599,0.53889,0.64986,0.5389,0.55718,-9.34008,1703,1474,35,48,0,m,lrc,top29
8,0.49948,0.00998,0.53513,0.63643,0.53513,0.55851,-9.03219,1788,1389,37,46,0,m,lrc,top29
9,0.49953,0.002,0.57573,0.68397,0.57573,0.56561,-9.62171,1680,1497,33,50,0,m,lrc,top29
10,0.50158,0.002,0.56816,0.6521,0.56816,0.56682,-9.21987,1726,1451,34,49,0,m,lrc,top29
11,0.50077,0.00798,0.54171,0.64497,0.54171,0.53115,-9.10312,1729,1448,40,43,0,m,lrc,top29
12,0.49947,0.002,0.56873,0.67695,0.56873,0.57098,-9.20738,1829,1348,36,47,0,m,lrc,top29
13,0.50032,0.00399,0.54001,0.64566,0.54001,0.53016,-9.23112,1761,1416,41,42,0,m,lrc,top29
14,0.49961,0.01198,0.53855,0.65753,0.53855,0.54855,-9.23362,1763,1414,38,45,0,m,lrc,top29
15,0.5002,0.002,0.56473,0.61586,0.56473,0.52625,-8.79528,1851,1326,44,39,0,m,lrc,top29
16,0.49992,0.002,0.55036,0.62101,0.55036,0.55039,-8.88151,1813,1364,39,44,0,m,lrc,top29
17,0.49884,0.00798,0.54267,0.63882,0.54267,0.54174,-9.19621,1758,1419,39,44,0,m,lrc,top29
18,0.501,0.00998,0.53983,0.64105,0.53983,0.56284,-9.09099,1739,1438,35,48,0,m,lrc,top29
19,0.50125,0.002,0.569,0.65624,0.569,0.56019,-9.00444,1837,1340,38,45,0,m,lrc,top29
0,0.50025,0.002,0.58452,0.65292,0.58148,0.56711,-9.29914,1674,1502,33,51,1,m,lrc,top29
1,0.50065,0.002,0.5586,0.63734,0.55513,0.53617,-8.30356,1969,1207,46,38,1,m,lrc,top29
2,0.50018,0.002,0.60319,0.6501,0.60574,0.56249,-9.47932,1569,1607,31,53,1,m,lrc,top29
3,0.50042,0.002,0.60491,0.63985,0.60528,0.55868,-10.37966,1318,1858,25,59,1,m,lrc,top29
4,0.49987,0.002,0.57801,0.63956,0.57598,0.56913,-9.39261,1649,1527,32,52,1,m,lrc,top29
5,0.501,0.002,0.57481,0.64667,0.57722,0.56108,-8.12113,1976,1200,42,42,1,m,lrc,top29
6,0.49891,0.002,0.57187,0.62517,0.57366,0.59791,-8.77053,1794,1382,31,53,1,m,lrc,top29
7,0.50085,0.002,0.59035,0.64,0.58797,0.55835,-9.00748,1694,1482,35,49,1,m,lrc,top29
8,0.50024,0.002,0.56739,0.63554,0.56517,0.54576,-9.33398,1614,1562,35,49,1,m,lrc,top29
9,0.49946,0.002,0.5731,0.61407,0.57707,0.57555,-9.15018,1652,1524,31,53,1,m,lrc,top29
10,0.50123,0.002,0.59728,0.62556,0.6019,0.56608,-9.87182,1365,1811,25,59,1,m,lrc,top29
11,0.49952,0.002,0.54561,0.65069,0.53181,0.51247,-9.83359,1516,1660,38,46,1,m,lrc,top29
12,0.50157,0.002,0.58137,0.64582,0.58313,0.52147,-11.91,1006,2170,23,61,1,m,lrc,top29
13,0.50004,0.002,0.59725,0.62695,0.5954,0.56788,-9.75196,1452,1724,27,57,1,m,lrc,top29
14,0.50066,0.002,0.56283,0.65046,0.5579,0.5279,-9.40864,1614,1562,38,46,1,m,lrc,top29
15,0.49907,0.002,0.55665,0.61189,0.55456,0.53424,-9.4759,1503,1673,34,50,1,m,lrc,top29
16,0.49908,0.002,0.54838,0.62622,0.55098,0.54484,-8.68514,1835,1341,41,43,1,m,lrc,top29
17,0.49966,0.002,0.55642,0.62669,0.5573,0.52146,-8.2644,1989,1187,49,35,1,m,lrc,top29
18,0.49911,0.002,0.55312,0.64725,0.55233,0.52503,-9.06184,1747,1429,42,42,1,m,lrc,top29
19,0.5004,0.002,0.57754,0.6173,0.57086,0.563,-8.13498,2026,1150,43,41,1,m,lrc,top29
0,0.50068,0.002,0.56306,0.61362,0.56307,0.54374,-8.69756,1828,1348,41,43,2,m,lrc,top29
1,0.50059,0.002,0.55939,0.66181,0.5594,0.55143,-9.70341,1650,1526,35,49,2,m,lrc,top29
2,0.49929,0.002,0.56904,0.64344,0.569,0.54185,-8.86921,1816,1360,41,43,2,m,lrc,top29
3,0.49856,0.002,0.5455,0.64414,0.54551,0.54333,-9.01291,1712,1464,38,46,2,m,lrc,top29
4,0.50128,0.002,0.5659,0.6531,0.5659,0.54106,-8.96825,1811,1365,41,43,2,m,lrc,top29
5,0.49928,0.01796,0.53616,0.65932,0.53616,0.48601,-9.19686,1726,1450,48,36,2,m,lrc,top29
6,0.50032,0.01198,0.53838,0.63587,0.53839,0.50891,-8.7661,1758,1418,45,39,2,m,lrc,top29
7,0.49962,0.01796,0.53748,0.62766,0.53748,0.49965,-8.86834,1737,1439,46,38,2,m,lrc,top29
8,0.49951,0.01597,0.53735,0.65215,0.53736,0.50825,-9.16271,1716,1460,44,40,2,m,lrc,top29
9,0.50037,0.002,0.55678,0.64894,0.55676,0.54751,-8.89865,1852,1324,41,43,2,m,lrc,top29
10,0.50005,0.002,0.55027,0.66757,0.55027,0.52396,-9.18777,1778,1398,43,41,2,m,lrc,top29
11,0.50069,0.002,0.5838,0.68313,0.58379,0.54522,-9.43721,1724,1452,38,46,2,m,lrc,top29
12,0.50085,0.002,0.56095,0.66016,0.56093,0.5495,-9.02952,1789,1387,39,45,2,m,lrc,top29
13,0.49912,0.00599,0.54768,0.64688,0.54769,0.51914,-8.8485,1823,1353,45,39,2,m,lrc,top29
14,0.49926,0.002,0.55546,0.65402,0.55543,0.55042,-8.98442,1757,1419,38,46,2,m,lrc,top29
15,0.49993,0.00399,0.54814,0.635,0.54815,0.53054,-8.8822,1782,1394,42,42,2,m,lrc,top29
16,0.50026,0.002,0.56508,0.6424,0.56512,0.52787,-8.94979,1765,1411,42,42,2,m,lrc,top29
17,0.49973,0.002,0.55317,0.63902,0.55322,0.51133,-8.75685,1849,1327,47,37,2,m,lrc,top29
18,0.50032,0.002,0.55276,0.6542,0.55273,0.52071,-8.80232,1833,1343,45,39,2,m,lrc,top29
19,0.49953,0.00399,0.55165,0.62756,0.55164,0.51571,-8.74462,1839,1337,46,38,2,m,lrc,top29
0,0.50003,0.02395,0.53785,0.66638,0.53889,0.53667,-7.36605,2199,977,52,32,2,combine,lrc,top29
1,0.49992,0.002,0.55394,0.66673,0.55366,0.55634,-9.20172,1719,1457,36,48,2,combine,lrc,top29
2,0.49897,0.01796,0.53216,0.66579,0.53902,0.51852,-10.23151,1441,1735,35,49,2,combine,lrc,top29
3,0.50159,0.01198,0.54409,0.66996,0.53856,0.50476,-9.98839,1467,1709,38,46,2,combine,lrc,top29
4,0.49916,0.06786,0.52607,0.66565,0.52719,0.51382,-11.45339,1033,2143,25,59,2,combine,lrc,top29
5,0.49998,0.002,0.55491,0.6639,0.54452,0.50645,-12.80897,835,2341,21,63,2,combine,lrc,top29
6,0.49949,0.00599,0.53628,0.65488,0.53132,0.53907,-10.45703,1269,1907,27,57,2,combine,lrc,top29
7,0.50072,0.05988,0.5286,0.64585,0.54473,0.49453,-10.6921,1213,1963,33,51,2,combine,lrc,top29
8,0.49882,0.01397,0.53348,0.66019,0.53236,0.54354,-8.20383,1978,1198,45,39,2,combine,lrc,top29
9,0.49924,0.00399,0.55022,0.68728,0.52818,0.51546,-9.10384,1724,1452,43,41,2,combine,lrc,top29
10,0.49956,0.002,0.57401,0.684,0.55419,0.51685,-9.24259,1695,1481,42,42,2,combine,lrc,top29
11,0.50065,0.002,0.57963,0.64868,0.56397,0.52733,-12.97458,892,2284,19,65,2,combine,lrc,top29
12,0.50029,0.00798,0.5409,0.6816,0.53946,0.5083,-11.3407,1187,1989,30,54,2,combine,lrc,top29
13,0.49973,0.44311,0.50323,0.65299,0.51252,0.50536,-9.95498,1433,1743,37,47,2,combine,lrc,top29
14,0.49988,0.00998,0.54139,0.67745,0.53106,0.52176,-5.83963,2558,618,64,20,2,combine,lrc,top29
15,0.49932,0.44511,0.50165,0.68438,0.51767,0.52455,-8.23315,1933,1243,47,37,2,combine,lrc,top29
16,0.50031,0.33333,0.50828,0.67737,0.50652,0.48438,-10.0304,1451,1725,41,43,2,combine,lrc,top29
17,0.49929,0.002,0.56737,0.67753,0.55729,0.52409,-9.66552,1552,1624,37,47,2,combine,lrc,top29
18,0.49999,0.002,0.54613,0.6561,0.53039,0.51873,-11.40764,1102,2074,26,58,2,combine,lrc,top29
19,0.49857,0.00998,0.53746,0.66159,0.53733,0.50205,-6.60084,2395,781,63,21,2,combine,lrc,top29
0,0.49861,0.32735,0.5053,0.99294,0.50633,0.49432,-18.86985,1136,2040,31,53,4,f,nn,top29
1,0.49841,0.09182,0.52039,1.0,0.54369,0.53353,-14.03356,1801,1375,42,42,4,f,nn,top29
2,0.50085,0.002,0.58809,0.98998,0.55345,0.55789,-14.47436,1502,1674,30,54,4,f,nn,top29
3,0.49979,0.00599,0.54184,0.96657,0.55367,0.52313,-8.33221,2113,1063,52,32,4,f,nn,top29
4,0.50053,0.01198,0.53588,0.99991,0.53143,0.49824,-16.29063,1539,1637,41,43,4,f,nn,top29
5,0.50012,0.24152,0.5115,1.0,0.51529,0.5025,-18.52136,1377,1799,36,48,4,f,nn,top29
6,0.49955,0.00399,0.54281,0.99955,0.53864,0.53484,-16.317,1469,1707,33,51,4,f,nn,top29
7,0.49878,0.38323,0.5031,0.99996,0.49775,0.46843,-12.75168,1879,1297,55,29,4,f,nn,top29
8,0.50116,0.99202,0.46054,0.99976,0.48843,0.49939,-11.07184,2000,1176,53,31,4,f,nn,top29
9,0.50031,0.002,0.56835,0.99941,0.49689,0.4757,-10.01724,2152,1024,61,23,4,f,nn,top29
10,0.49927,0.95808,0.47143,0.98908,0.47675,0.46924,-9.38407,2111,1065,61,23,4,f,nn,top29
11,0.49975,0.50299,0.49977,0.99789,0.52102,0.5122,-8.95681,2157,1019,55,29,4,f,nn,top29
12,0.49995,0.01397,0.53612,0.99937,0.55194,0.53958,-19.70365,1121,2055,23,61,4,f,nn,top29
13,0.50027,0.00399,0.54663,0.99677,0.55185,0.51145,-21.04601,1018,2158,25,59,4,f,nn,top29
14,0.49945,0.00399,0.55112,0.99998,0.47044,0.46529,-15.16375,1670,1506,50,34,4,f,nn,top29
15,0.498,0.34731,0.50451,0.99848,0.52666,0.51344,-21.96061,955,2221,23,61,4,f,nn,top29
16,0.50001,0.98802,0.4638,0.99356,0.54907,0.53528,-15.66672,1434,1742,32,52,4,f,nn,top29
17,0.49881,0.00798,0.54488,0.9878,0.55245,0.53775,-11.54744,1790,1386,41,43,4,f,nn,top29
18,0.49963,0.00998,0.54017,0.99972,0.52829,0.50912,-18.87701,1230,1946,31,53,4,f,nn,top29
19,0.50026,0.00599,0.54265,0.99125,0.56687,0.52549,-9.37894,2128,1048,52,32,4,f,nn,top29
0,0.49899,0.002,0.56993,0.91016,0.51994,0.51528,-6.61767,2290,886,58,26,1,combine,nn,top29
1,0.49959,0.00599,0.5616,1.0,0.56823,0.54116,-14.35692,1736,1440,39,45,1,combine,nn,top29
2,0.50095,0.002,0.55907,1.0,0.56355,0.55647,-14.85211,1682,1494,35,49,1,combine,nn,top29
3,0.50026,0.00399,0.54983,0.99105,0.51213,0.49248,-23.63162,595,2581,17,67,1,combine,nn,top29
4,0.49968,0.01397,0.53966,1.0,0.51845,0.52068,-13.68486,1795,1381,44,40,1,combine,nn,top29
5,0.50008,0.3014,0.50873,1.0,0.51069,0.49735,-15.68762,1609,1567,43,41,1,combine,nn,top29
6,0.49954,0.002,0.55501,0.98437,0.55721,0.52,-7.206,2320,856,58,26,1,combine,nn,top29
7,0.49991,0.01397,0.54072,1.0,0.50516,0.49527,-14.67676,1747,1429,47,37,1,combine,nn,top29
8,0.50042,0.11178,0.521,0.96667,0.52363,0.5107,-11.5831,1845,1331,47,37,1,combine,nn,top29
9,0.49957,0.26946,0.50988,1.0,0.52926,0.52214,-15.43266,1653,1523,40,44,1,combine,nn,top29
10,0.49933,0.00798,0.53755,1.0,0.52489,0.50604,-14.6998,1702,1474,44,40,1,combine,nn,top29
11,0.49997,0.00599,0.54992,0.99343,0.54506,0.51365,-9.34041,2015,1161,51,33,1,combine,nn,top29
12,0.49895,0.03792,0.53038,1.0,0.53317,0.5239,-14.93384,1702,1474,41,43,1,combine,nn,top29
13,0.49909,0.41118,0.50339,0.97749,0.51433,0.52546,-9.18224,2090,1086,51,33,1,combine,nn,top29
14,0.50019,0.13772,0.5201,1.0,0.54832,0.5423,-16.08334,1592,1584,35,49,1,combine,nn,top29
15,0.49867,0.002,0.54827,1.0,0.52984,0.53615,-14.50745,1742,1434,40,44,1,combine,nn,top29
16,0.49972,0.18563,0.51427,1.0,0.53222,0.53829,-15.0959,1680,1496,38,46,1,combine,nn,top29
17,0.49889,0.002,0.60468,1.0,0.54992,0.53671,-13.06943,1859,1317,43,41,1,combine,nn,top29
18,0.50059,0.002,0.57716,1.0,0.56481,0.55476,-14.92639,1709,1467,36,48,1,combine,nn,top29
19,0.49989,0.28543,0.5099,1.0,0.50341,0.49981,-16.75686,1549,1627,41,43,1,combine,nn,top29
0,0.50035,0.03593,0.53001,1.0,0.53052,0.52248,-14.91144,1693,1483,41,43,2,combine,nn,top29
1,0.49877,0.002,0.55291,1.0,0.55573,0.53326,-14.91714,1648,1528,38,46,2,combine,nn,top29
2,0.49982,0.002,0.59106,1.0,0.55674,0.52418,-14.60078,1666,1510,40,44,2,combine,nn,top29
3,0.50115,0.00399,0.54584,1.0,0.52497,0.51703,-14.08281,1734,1442,43,41,2,combine,nn,top29
4,0.50058,0.002,0.57824,1.0,0.56993,0.5759,-14.38182,1692,1484,32,52,2,combine,nn,top29
5,0.50019,0.002,0.56245,1.0,0.53229,0.53092,-14.6951,1671,1505,39,45,2,combine,nn,top29
6,0.50052,0.25749,0.51122,1.0,0.46591,0.46781,-14.94244,1686,1490,50,34,2,combine,nn,top29
7,0.50073,0.002,0.58885,1.0,0.5866,0.55568,-14.68564,1677,1499,35,49,2,combine,nn,top29
8,0.50058,0.002,0.59164,1.0,0.568,0.53221,-14.44235,1717,1459,40,44,2,combine,nn,top29
9,0.49993,0.00399,0.5513,1.0,0.57918,0.56283,-15.52358,1609,1567,32,52,2,combine,nn,top29
10,0.4996,0.002,0.55998,1.0,0.53597,0.51978,-15.03617,1638,1538,40,44,2,combine,nn,top29
11,0.49977,0.01996,0.53348,1.0,0.53573,0.50097,-15.11793,1632,1544,43,41,2,combine,nn,top29
12,0.49997,0.002,0.5486,1.0,0.561,0.5358,-14.41023,1702,1474,39,45,2,combine,nn,top29
13,0.5005,0.002,0.54844,1.0,0.5119,0.51517,-14.30726,1760,1416,44,40,2,combine,nn,top29
14,0.49995,0.002,0.55875,1.0,0.55516,0.56317,-15.25304,1649,1527,33,51,2,combine,nn,top29
15,0.5003,0.00998,0.53544,1.0,0.5082,0.50484,-13.44625,1770,1406,46,38,2,combine,nn,top29
16,0.50055,0.002,0.56376,1.0,0.5613,0.54031,-15.10007,1655,1521,37,47,2,combine,nn,top29
17,0.49966,0.23154,0.51098,1.0,0.50626,0.50415,-14.86167,1690,1486,44,40,2,combine,nn,top29
18,0.50165,0.002,0.57199,1.0,0.53173,0.50286,-15.35023,1644,1532,43,41,2,combine,nn,top29
19,0.4989,0.002,0.59685,1.0,0.55953,0.55763,-13.65158,1765,1411,37,47,2,combine,nn,top29
0,0.49964,0.52894,0.49749,0.74691,0.53234,0.52225,-13.82105,1200,1976,28,56,4,combine,nn,top29
1,0.49971,0.76647,0.48803,0.74571,0.50425,0.52446,-25.47309,231,2945,2,82,4,combine,nn,top29
2,0.49987,0.06188,0.52409,0.85934,0.56425,0.54544,-5.16718,2595,581,61,23,4,combine,nn,top29
3,0.50048,0.77046,0.48941,0.82386,0.58616,0.52235,-4.89809,2713,463,68,16,4,combine,nn,top29
4,0.49958,0.002,0.54649,0.79577,0.50854,0.49438,-3.58538,2800,376,75,9,4,combine,nn,top29
5,0.49969,0.04591,0.52858,0.71882,0.49472,0.51162,-17.0889,830,2346,20,64,4,combine,nn,top29
6,0.50073,0.10379,0.523,0.8637,0.5484,0.5237,-3.66209,2835,341,71,13,4,combine,nn,top29
7,0.49871,0.98802,0.46279,0.76722,0.53922,0.53753,-15.66756,314,2862,2,82,4,combine,nn,top29
8,0.49952,0.11577,0.52101,0.78265,0.47525,0.50304,-19.67233,284,2892,7,77,4,combine,nn,top29
9,0.50121,0.24152,0.51273,0.82671,0.52825,0.54849,-14.30341,1102,2074,21,63,4,combine,nn,top29
10,0.50158,0.32535,0.50848,0.77323,0.51107,0.49453,-8.48034,2007,1169,54,30,4,combine,nn,top29
11,0.4982,0.49301,0.49935,0.67884,0.51823,0.48573,-14.56796,968,2208,28,56,4,combine,nn,top29
12,0.49937,0.29741,0.50775,0.71212,0.5191,0.50129,-22.52153,46,3130,1,83,4,combine,nn,top29
13,0.501,0.17964,0.51562,0.72375,0.51348,0.52837,-20.38263,218,2958,1,83,4,combine,nn,top29
14,0.49992,0.00399,0.53999,0.83705,0.53546,0.53149,-5.20505,2582,594,63,21,4,combine,nn,top29
15,0.50019,0.00998,0.53895,0.64179,0.5298,0.49248,-2.08265,2977,199,80,4,4,combine,nn,top29
16,0.49944,0.43713,0.50228,0.74615,0.5497,0.52248,-21.85756,294,2882,4,80,4,combine,nn,top29
17,0.50043,0.60878,0.49576,0.74796,0.50409,0.49357,-5.20875,2568,608,69,15,4,combine,nn,top29
18,0.50056,0.54491,0.49821,0.7616,0.54252,0.53805,-12.46955,1376,1800,30,54,4,combine,nn,top29
19,0.49977,0.01597,0.54061,0.85748,0.53793,0.5241,-18.63568,569,2607,11,73,4,combine,nn,top29
0,0.49995,0.00998,0.53908,0.85514,0.53908,0.55122,-9.54043,1780,1397,38,45,0,m,qda,top29
1,0.50032,0.04192,0.53043,0.85659,0.53043,0.54354,-9.23435,1846,1331,41,42,0,m,qda,top29
2,0.50079,0.18563,0.51686,0.85727,0.51686,0.52488,-9.56122,1804,1373,43,40,0,m,qda,top29
3,0.49959,0.10579,0.52028,0.86175,0.52028,0.50433,-9.52705,1750,1427,45,38,0,m,qda,top29
4,0.49969,0.002,0.55444,0.87208,0.55444,0.54161,-9.07746,1872,1305,42,41,0,m,qda,top29
5,0.50082,0.002,0.55871,0.8693,0.55871,0.53814,-9.3565,1850,1327,42,41,0,m,qda,top29
6,0.49999,0.07984,0.52452,0.85059,0.52452,0.52791,-9.65587,1785,1392,42,41,0,m,qda,top29
7,0.50075,0.002,0.55057,0.87595,0.55057,0.51837,-8.77428,1954,1223,48,35,0,m,qda,top29
8,0.49921,0.002,0.54484,0.87132,0.54484,0.5311,-9.76556,1767,1410,41,42,0,m,qda,top29
9,0.49967,0.46507,0.50108,0.85598,0.50108,0.50665,-9.54539,1803,1374,46,37,0,m,qda,top29
10,0.5003,0.17964,0.51583,0.87226,0.51583,0.50204,-9.44733,1812,1365,47,36,0,m,qda,top29
11,0.49969,0.002,0.55269,0.84785,0.55269,0.54455,-8.95957,1929,1248,43,40,0,m,qda,top29
12,0.49978,0.08583,0.52273,0.87126,0.52273,0.51719,-9.35586,1870,1307,46,37,0,m,qda,top29
13,0.50066,0.002,0.56408,0.83365,0.56408,0.54889,-9.13337,1880,1297,41,42,0,m,qda,top29
14,0.50007,0.002,0.55215,0.84391,0.55215,0.5343,-9.74646,1749,1428,40,43,0,m,qda,top29
15,0.49913,0.00399,0.54827,0.88385,0.54827,0.54354,-9.29419,1846,1331,41,42,0,m,qda,top29
16,0.49927,0.002,0.54825,0.85083,0.54825,0.53464,-9.01559,1866,1311,43,40,0,m,qda,top29
17,0.50076,0.00798,0.53733,0.86946,0.53733,0.52511,-9.2592,1882,1295,45,38,0,m,qda,top29
18,0.49969,0.002,0.55842,0.86492,0.55842,0.57168,-8.93922,1910,1267,38,45,0,m,qda,top29
19,0.49987,0.21956,0.51219,0.85881,0.51219,0.49543,-9.9717,1770,1407,47,36,0,m,qda,top29
0,0.49953,0.002,0.549,0.79119,0.549,0.53936,-8.8046,1838,1338,42,42,1,m,qda,top29
1,0.50054,0.002,0.56671,0.79354,0.56671,0.55199,-9.13754,1767,1409,38,46,1,m,qda,top29
2,0.50018,0.002,0.57201,0.79532,0.57201,0.54194,-9.25271,1741,1435,39,45,1,m,qda,top29
3,0.50113,0.002,0.56571,0.77863,0.56571,0.54979,-9.16685,1753,1423,38,46,1,m,qda,top29
4,0.50011,0.002,0.57162,0.78174,0.57162,0.55272,-9.7147,1696,1480,36,48,1,m,qda,top29
5,0.50023,0.00399,0.54901,0.81086,0.54901,0.53943,-9.30468,1725,1451,39,45,1,m,qda,top29
6,0.49968,0.002,0.60762,0.78515,0.60762,0.5683,-8.98005,1795,1381,36,48,1,m,qda,top29
7,0.49982,0.11377,0.52104,0.78737,0.52104,0.52891,-9.52936,1696,1480,40,44,1,m,qda,top29
8,0.49937,0.002,0.58315,0.78713,0.58315,0.54871,-8.9936,1784,1392,39,45,1,m,qda,top29
9,0.49968,0.002,0.54425,0.80719,0.54425,0.50919,-9.35699,1722,1454,44,40,1,m,qda,top29
10,0.50035,0.002,0.58588,0.77937,0.58588,0.57712,-8.97907,1851,1325,36,48,1,m,qda,top29
11,0.50058,0.00399,0.54804,0.78853,0.54804,0.52928,-9.0396,1774,1402,42,42,1,m,qda,top29
12,0.50004,0.002,0.58219,0.79637,0.58219,0.56512,-9.16909,1737,1439,35,49,1,m,qda,top29
13,0.50057,0.00399,0.55034,0.78749,0.55034,0.5318,-9.34112,1790,1386,42,42,1,m,qda,top29
14,0.50057,0.00399,0.55271,0.7992,0.55271,0.56046,-9.17565,1783,1393,37,47,1,m,qda,top29
15,0.5001,0.002,0.58235,0.80257,0.58235,0.55904,-9.06582,1774,1402,37,47,1,m,qda,top29
16,0.5,0.05988,0.52448,0.79257,0.52448,0.50235,-9.10195,1792,1384,47,37,1,m,qda,top29
17,0.49852,0.002,0.56694,0.78717,0.56694,0.54437,-8.90582,1832,1344,41,43,1,m,qda,top29
18,0.49925,0.002,0.559,0.79568,0.559,0.57249,-9.03655,1746,1430,34,50,1,m,qda,top29
19,0.50022,0.002,0.57866,0.78328,0.57866,0.56128,-9.04343,1826,1350,38,46,1,m,qda,top29
0,0.50077,0.05788,0.52711,0.73387,0.52711,0.50106,-9.25853,1746,1430,46,38,2,m,qda,top29
1,0.50036,0.10379,0.5226,0.75908,0.5226,0.50626,-9.09531,1779,1397,46,38,2,m,qda,top29
2,0.50112,0.00798,0.53855,0.75055,0.53855,0.53615,-9.24435,1742,1434,40,44,2,m,qda,top29
3,0.49992,0.002,0.55388,0.75047,0.55388,0.51382,-8.89856,1827,1349,46,38,2,m,qda,top29
4,0.49905,0.06986,0.52302,0.74294,0.52302,0.52396,-9.08072,1778,1398,43,41,2,m,qda,top29
5,0.50105,0.002,0.56562,0.74987,0.56562,0.53977,-9.14943,1765,1411,40,44,2,m,qda,top29
6,0.49978,0.002,0.5582,0.75109,0.5582,0.52553,-9.17717,1788,1388,43,41,2,m,qda,top29
7,0.50029,0.002,0.56003,0.73102,0.56003,0.54638,-9.13779,1807,1369,40,44,2,m,qda,top29
8,0.49928,0.002,0.55994,0.74578,0.55994,0.53104,-8.96912,1823,1353,43,41,2,m,qda,top29
9,0.49998,0.002,0.57002,0.74532,0.57002,0.53751,-9.22714,1675,1501,38,46,2,m,qda,top29
10,0.4984,0.002,0.55631,0.74925,0.55631,0.53086,-9.22829,1784,1392,42,42,2,m,qda,top29
11,0.49901,0.00599,0.54903,0.73541,0.54903,0.5237,-8.75088,1852,1324,45,39,2,m,qda,top29
12,0.49875,0.002,0.5801,0.74289,0.5801,0.54166,-9.18458,1777,1399,40,44,2,m,qda,top29
13,0.49876,0.002,0.58859,0.77954,0.58859,0.56307,-8.55698,1913,1263,40,44,2,m,qda,top29
14,0.50008,0.1996,0.51315,0.73772,0.51315,0.50201,-9.15426,1752,1424,46,38,2,m,qda,top29
15,0.49983,0.002,0.58252,0.74301,0.58252,0.57208,-8.9442,1819,1357,36,48,2,m,qda,top29
16,0.5016,0.01996,0.53882,0.74182,0.53882,0.51068,-9.94463,1618,1558,41,43,2,m,qda,top29
17,0.49982,0.00798,0.54273,0.73476,0.54273,0.52966,-9.71471,1663,1513,39,45,2,m,qda,top29
18,0.50096,0.03792,0.53329,0.74304,0.53329,0.51017,-9.0577,1766,1410,45,39,2,m,qda,top29
19,0.49969,0.002,0.57973,0.75303,0.57973,0.54475,-9.28988,1721,1455,38,46,2,m,qda,top29
0,0.50003,0.002,0.55642,0.74094,0.55642,0.5398,-8.93274,1803,1373,41,43,3,m,qda,top29
1,0.50038,0.002,0.56201,0.7308,0.56201,0.53407,-8.70537,1880,1296,44,40,3,m,qda,top29
2,0.50064,0.002,0.57052,0.75263,0.57052,0.55057,-9.18286,1758,1418,38,46,3,m,qda,top29
3,0.50019,0.01597,0.53454,0.73575,0.53454,0.51177,-8.76511,1814,1362,46,38,3,m,qda,top29
4,0.49989,0.00399,0.54284,0.72428,0.54284,0.53297,-9.45706,1684,1492,39,45,3,m,qda,top29
5,0.50033,0.002,0.57141,0.74159,0.57141,0.55105,-9.26918,1761,1415,38,46,3,m,qda,top29
6,0.50039,0.002,0.5756,0.72636,0.5756,0.56997,-9.29638,1730,1446,34,50,3,m,qda,top29
7,0.49933,0.02994,0.53083,0.73245,0.53083,0.52207,-8.88452,1766,1410,43,41,3,m,qda,top29
8,0.50007,0.00399,0.56518,0.72736,0.56518,0.55278,-8.90787,1772,1404,38,46,3,m,qda,top29
9,0.50038,0.002,0.56674,0.75062,0.56674,0.5409,-8.81501,1810,1366,41,43,3,m,qda,top29
10,0.50106,0.01198,0.53847,0.73493,0.53847,0.5233,-9.22204,1736,1440,42,42,3,m,qda,top29
11,0.5005,0.00399,0.54144,0.74013,0.54144,0.55284,-8.63999,1848,1328,40,44,3,m,qda,top29
12,0.50095,0.002,0.54937,0.73291,0.54937,0.5489,-8.68115,1823,1353,40,44,3,m,qda,top29
13,0.49947,0.002,0.58791,0.73045,0.58791,0.58005,-8.8473,1794,1382,34,50,3,m,qda,top29
14,0.5004,0.002,0.56111,0.71374,0.56111,0.54103,-8.98116,1773,1403,40,44,3,m,qda,top29
15,0.50131,0.002,0.57632,0.73705,0.57632,0.57491,-8.81301,1837,1339,36,48,3,m,qda,top29
16,0.49897,0.002,0.57301,0.73459,0.57301,0.53041,-9.08176,1819,1357,43,41,3,m,qda,top29
17,0.50005,0.00599,0.54617,0.74121,0.54617,0.53114,-8.94105,1748,1428,41,43,3,m,qda,top29
18,0.49947,0.002,0.54792,0.73649,0.54792,0.53149,-8.81746,1788,1388,42,42,3,m,qda,top29
19,0.50154,0.002,0.56262,0.73809,0.56262,0.56112,-8.88701,1825,1351,38,46,3,m,qda,top29
0,0.50021,0.01796,0.53739,0.74628,0.53739,0.52758,-9.12375,1801,1375,43,41,4,m,qda,top29
1,0.50087,0.00399,0.55651,0.74642,0.55651,0.53256,-8.92344,1757,1419,41,43,4,m,qda,top29
2,0.49935,0.00399,0.55263,0.75117,0.55263,0.55069,-8.61607,1910,1266,42,42,4,m,qda,top29
3,0.50027,0.08982,0.52215,0.73721,0.52215,0.50865,-8.87925,1832,1344,47,37,4,m,qda,top29
4,0.49998,0.002,0.57221,0.76248,0.57221,0.55593,-9.02887,1792,1384,38,46,4,m,qda,top29
5,0.50066,0.26148,0.50976,0.74866,0.50976,0.50723,-8.8532,1823,1353,47,37,4,m,qda,top29
6,0.49955,0.01198,0.53984,0.73755,0.53984,0.52601,-8.96704,1791,1385,43,41,4,m,qda,top29
7,0.49977,0.00399,0.54766,0.75022,0.54766,0.51193,-8.84504,1815,1361,46,38,4,m,qda,top29
8,0.50073,0.00998,0.53836,0.76969,0.53836,0.50957,-8.87097,1800,1376,46,38,4,m,qda,top29
9,0.49908,0.002,0.55071,0.75047,0.55071,0.50519,-8.85572,1810,1366,47,37,4,m,qda,top29
10,0.50023,0.002,0.57328,0.74785,0.57328,0.55476,-9.63279,1709,1467,36,48,4,m,qda,top29
11,0.50191,0.04591,0.53117,0.73564,0.53117,0.51171,-9.08133,1738,1438,44,40,4,m,qda,top29
12,0.49869,0.002,0.56287,0.73492,0.56287,0.55501,-8.64094,1824,1352,39,45,4,m,qda,top29
13,0.50075,0.002,0.57783,0.73927,0.57783,0.54956,-8.7615,1865,1311,41,43,4,m,qda,top29
14,0.50159,0.002,0.55589,0.75438,0.55589,0.53246,-8.81608,1832,1344,43,41,4,m,qda,top29
15,0.49976,0.002,0.56759,0.74628,0.56759,0.52981,-8.74803,1853,1323,44,40,4,m,qda,top29
16,0.50154,0.002,0.56441,0.75633,0.56441,0.56115,-8.58533,1863,1313,39,45,4,m,qda,top29
17,0.4999,0.00399,0.5485,0.75153,0.5485,0.51782,-9.22813,1739,1437,43,41,4,m,qda,top29
18,0.49891,0.03194,0.53,0.75707,0.53,0.50809,-9.28509,1715,1461,44,40,4,m,qda,top29
19,0.50004,0.002,0.55923,0.73877,0.55923,0.51845,-9.40506,1743,1433,43,41,4,m,qda,top29
0,0.50057,0.00399,0.54941,0.85235,0.54941,0.54346,-9.99141,1675,1501,37,47,1,f,qda,top29
1,0.50166,0.12375,0.52027,0.84954,0.52027,0.52576,-10.06668,1676,1500,40,44,1,f,qda,top29
2,0.50033,0.18563,0.51637,0.8433,0.51637,0.48067,-10.89354,1503,1673,43,41,1,f,qda,top29
3,0.49948,0.79641,0.48604,0.82285,0.48604,0.47902,-10.24055,1606,1570,46,38,1,f,qda,top29
4,0.49989,0.02395,0.53242,0.83237,0.53242,0.5063,-10.17805,1628,1548,42,42,1,f,qda,top29
5,0.49974,0.01996,0.53277,0.85528,0.53277,0.53852,-10.67536,1568,1608,35,49,1,f,qda,top29
6,0.50081,0.17964,0.5167,0.83505,0.5167,0.48384,-10.46338,1561,1615,44,40,1,f,qda,top29
7,0.49978,0.002,0.54989,0.84201,0.54989,0.53398,-10.38821,1577,1599,36,48,1,f,qda,top29
8,0.49872,0.01996,0.53246,0.85376,0.53246,0.54626,-10.29206,1655,1521,36,48,1,f,qda,top29
9,0.49988,0.36327,0.50619,0.84435,0.50619,0.51804,-10.3249,1627,1549,40,44,1,f,qda,top29
10,0.50002,0.04192,0.52729,0.84427,0.52729,0.50938,-9.57868,1761,1415,45,39,1,f,qda,top29
11,0.50003,0.002,0.55694,0.84562,0.55694,0.53968,-10.19166,1651,1525,37,47,1,f,qda,top29
12,0.49966,0.31337,0.50792,0.84721,0.50792,0.51222,-10.38322,1590,1586,40,44,1,f,qda,top29
13,0.49919,0.79641,0.48579,0.83221,0.48579,0.44857,-10.47783,1526,1650,49,35,1,f,qda,top29
14,0.50072,0.11776,0.51997,0.8307,0.51997,0.5085,-9.9543,1642,1534,42,42,1,f,qda,top29
15,0.49858,0.57685,0.49491,0.83528,0.49491,0.50132,-9.97064,1672,1504,44,40,1,f,qda,top29
16,0.49993,0.26747,0.51023,0.82751,0.51023,0.51616,-10.60466,1615,1561,40,44,1,f,qda,top29
17,0.499,0.01597,0.53894,0.82957,0.53894,0.5273,-9.89113,1648,1528,39,45,1,f,qda,top29
18,0.49947,0.01996,0.53477,0.85355,0.53477,0.54431,-10.50449,1567,1609,34,50,1,f,qda,top29
19,0.4999,0.17565,0.51538,0.84242,0.51538,0.5097,-10.35249,1574,1602,40,44,1,f,qda,top29
0,0.49943,0.002,0.53864,0.83998,0.53864,0.54292,-9.65869,1785,1391,40,44,2,f,qda,top29
1,0.50081,0.002,0.54427,0.85786,0.54427,0.52541,-9.86492,1825,1351,44,40,2,f,qda,top29
2,0.49848,0.002,0.54767,0.84763,0.54767,0.5403,-9.43366,1844,1332,42,42,2,f,qda,top29
3,0.49987,0.77046,0.48754,0.87204,0.48754,0.4978,-11.23132,1574,1602,42,42,2,f,qda,top29
4,0.50089,0.17764,0.51512,0.86006,0.51512,0.5239,-10.57902,1702,1474,41,43,2,f,qda,top29
5,0.50163,0.16567,0.517,0.85926,0.517,0.54056,-10.02158,1770,1406,40,44,2,f,qda,top29
6,0.49846,0.06587,0.52222,0.8678,0.52222,0.51433,-10.66185,1679,1497,42,42,2,f,qda,top29
7,0.49909,0.00399,0.54496,0.8401,0.54496,0.53675,-9.98629,1708,1468,39,45,2,f,qda,top29
8,0.50014,0.00399,0.54809,0.85464,0.54809,0.53316,-10.31517,1723,1453,40,44,2,f,qda,top29
9,0.49955,0.00798,0.5358,0.86217,0.5358,0.51782,-9.94074,1739,1437,43,41,2,f,qda,top29
10,0.50067,0.12575,0.51966,0.85154,0.51966,0.53263,-10.52938,1644,1532,38,46,2,f,qda,top29
11,0.50088,0.002,0.57816,0.83948,0.57816,0.56449,-10.02199,1733,1443,35,49,2,f,qda,top29
12,0.50039,0.78244,0.48962,0.85346,0.48962,0.49458,-10.61346,1667,1509,45,39,2,f,qda,top29
13,0.50047,0.08383,0.52286,0.86623,0.52286,0.51933,-10.57582,1673,1503,41,43,2,f,qda,top29
14,0.50215,0.00399,0.54929,0.85579,0.54929,0.54242,-10.09882,1744,1432,39,45,2,f,qda,top29
15,0.49961,0.002,0.54851,0.86736,0.54851,0.56352,-10.67131,1689,1487,34,50,2,f,qda,top29
16,0.49988,0.19561,0.51353,0.8545,0.51353,0.51546,-10.24138,1724,1452,43,41,2,f,qda,top29
17,0.50123,0.002,0.56678,0.83549,0.56678,0.55073,-10.1164,1759,1417,38,46,2,f,qda,top29
18,0.50035,0.18962,0.51418,0.83677,0.51418,0.50261,-9.90662,1718,1458,45,39,2,f,qda,top29
19,0.49946,0.39721,0.50422,0.84305,0.50422,0.5034,-11.14047,1534,1642,40,44,2,f,qda,top29
0,0.50062,0.04591,0.53112,0.81614,0.53112,0.52478,-9.92156,1632,1544,39,45,4,f,qda,top29
1,0.50016,0.00399,0.54476,0.81279,0.54476,0.51181,-10.39545,1474,1702,37,47,4,f,qda,top29
2,0.50047,0.002,0.55921,0.82687,0.55921,0.54201,-9.96335,1628,1548,36,48,4,f,qda,top29
3,0.50098,0.06188,0.52451,0.80816,0.52451,0.49956,-9.60535,1623,1553,43,41,4,f,qda,top29
4,0.50024,0.38922,0.50376,0.82035,0.50376,0.51653,-9.74262,1693,1483,42,42,4,f,qda,top29
5,0.50004,0.17964,0.51567,0.83626,0.51567,0.5011,-9.77888,1595,1581,42,42,4,f,qda,top29
6,0.50055,0.23952,0.51112,0.8376,0.51112,0.49962,-9.46938,1699,1477,45,39,4,f,qda,top29
7,0.50001,0.03593,0.53193,0.82882,0.53193,0.52192,-10.03698,1576,1600,38,46,4,f,qda,top29
8,0.49845,0.01796,0.53201,0.82651,0.53201,0.544,-10.02796,1565,1611,34,50,4,f,qda,top29
9,0.49932,0.002,0.56247,0.81476,0.56247,0.54491,-10.17266,1533,1643,33,51,4,f,qda,top29
10,0.50056,0.01198,0.53603,0.83502,0.53603,0.53496,-10.07285,1621,1555,37,47,4,f,qda,top29
11,0.50044,0.002,0.56285,0.83441,0.56285,0.56261,-10.15628,1532,1644,30,54,4,f,qda,top29
12,0.50084,0.002,0.55378,0.81014,0.55378,0.53653,-9.95972,1631,1545,37,47,4,f,qda,top29
13,0.49865,0.02196,0.53265,0.82006,0.53265,0.51411,-9.81818,1602,1574,40,44,4,f,qda,top29
14,0.50002,0.002,0.56675,0.84875,0.56675,0.55143,-10.11647,1650,1526,35,49,4,f,qda,top29
15,0.50042,0.01597,0.53713,0.81198,0.53713,0.52406,-9.44074,1703,1473,41,43,4,f,qda,top29
16,0.49985,0.00798,0.54285,0.81681,0.54285,0.51358,-10.09213,1523,1653,38,46,4,f,qda,top29
17,0.49962,0.04192,0.52901,0.83047,0.52901,0.51987,-10.17773,1563,1613,38,46,4,f,qda,top29
18,0.49901,0.16567,0.51485,0.8384,0.51485,0.48025,-10.1391,1576,1600,45,39,4,f,qda,top29
19,0.50096,0.07585,0.52574,0.83089,0.52574,0.51889,-9.42203,1708,1468,42,42,4,f,qda,top29
0,0.50039,0.07186,0.52361,0.90821,0.52361,0.51817,-10.65439,1590,1586,39,45,1,combine,qda,top29
1,0.49922,0.03593,0.52722,0.89639,0.52722,0.53161,-9.95204,1751,1425,41,43,1,combine,qda,top29
2,0.50078,0.002,0.57358,0.87942,0.57358,0.55243,-9.80698,1732,1444,37,47,1,combine,qda,top29
3,0.49922,0.002,0.59782,0.8978,0.59782,0.5706,-9.78772,1734,1442,34,50,1,combine,qda,top29
4,0.50031,0.002,0.56036,0.92701,0.56036,0.53536,-9.75083,1737,1439,40,44,1,combine,qda,top29
5,0.50073,0.01597,0.53863,0.90123,0.53863,0.53845,-10.14698,1681,1495,38,46,1,combine,qda,top29
6,0.50115,0.002,0.57997,0.89965,0.57997,0.5712,-9.83885,1700,1476,33,51,1,combine,qda,top29
7,0.49985,0.002,0.55992,0.91191,0.55992,0.5485,-9.98684,1707,1469,37,47,1,combine,qda,top29
8,0.50006,0.002,0.55657,0.91377,0.55657,0.53035,-9.62077,1743,1433,41,43,1,combine,qda,top29
9,0.50005,0.002,0.55296,0.90888,0.55296,0.52582,-9.53602,1752,1424,42,42,1,combine,qda,top29
10,0.49976,0.002,0.54866,0.90082,0.54866,0.54862,-10.35581,1670,1506,36,48,1,combine,qda,top29
11,0.49973,0.002,0.55528,0.90408,0.55528,0.54343,-10.16573,1637,1539,36,48,1,combine,qda,top29
12,0.49931,0.06188,0.52385,0.9018,0.52385,0.52762,-10.32645,1650,1526,39,45,1,combine,qda,top29
13,0.49964,0.4511,0.50256,0.91431,0.50256,0.5074,-10.12579,1635,1541,42,42,1,combine,qda,top29
14,0.50099,0.002,0.56395,0.89945,0.56395,0.57231,-10.02105,1707,1469,33,51,1,combine,qda,top29
15,0.49935,0.002,0.54647,0.90846,0.54647,0.53045,-10.52885,1668,1508,39,45,1,combine,qda,top29
16,0.50078,0.002,0.55645,0.90417,0.55645,0.50356,-11.28055,1535,1641,40,44,1,combine,qda,top29
17,0.50125,0.002,0.57054,0.90174,0.57054,0.57593,-9.69947,1730,1446,33,51,1,combine,qda,top29
18,0.50053,0.00599,0.54537,0.89825,0.54537,0.54655,-10.56749,1619,1557,35,49,1,combine,qda,top29
19,0.49858,0.002,0.56063,0.89486,0.56063,0.53934,-10.66147,1611,1565,36,48,1,combine,qda,top29
0,0.49994,0.002,0.54618,0.85606,0.54618,0.53832,-10.02789,1718,1458,39,45,3,combine,qda,top29
1,0.4998,0.02196,0.53213,0.85242,0.53213,0.52062,-10.11337,1719,1457,42,42,3,combine,qda,top29
2,0.49841,0.02395,0.53056,0.86129,0.53056,0.51984,-9.53229,1714,1462,42,42,3,combine,qda,top29
3,0.49948,0.02196,0.53159,0.85627,0.53159,0.53571,-10.12054,1777,1399,41,43,3,combine,qda,top29
4,0.50107,0.34731,0.50711,0.84968,0.50711,0.51713,-10.03985,1659,1517,41,43,3,combine,qda,top29
5,0.50037,0.002,0.55061,0.85346,0.55061,0.54648,-9.65918,1732,1444,38,46,3,combine,qda,top29
6,0.50021,0.06587,0.52582,0.84664,0.52582,0.54071,-9.75907,1771,1405,40,44,3,combine,qda,top29
7,0.50017,0.002,0.57861,0.86558,0.57861,0.56743,-10.01791,1676,1500,33,51,3,combine,qda,top29
8,0.50012,0.04391,0.53119,0.88097,0.53119,0.52576,-9.84856,1676,1500,40,44,3,combine,qda,top29
9,0.50119,0.002,0.56292,0.87964,0.56292,0.57082,-9.27873,1811,1365,36,48,3,combine,qda,top29
10,0.5006,0.00399,0.56342,0.87105,0.56342,0.57111,-9.36312,1775,1401,35,49,3,combine,qda,top29
11,0.49958,0.002,0.55879,0.85523,0.55879,0.5518,-10.06958,1728,1448,37,47,3,combine,qda,top29
12,0.49951,0.002,0.54542,0.87636,0.54542,0.52254,-9.49845,1769,1407,43,41,3,combine,qda,top29
13,0.50032,0.00399,0.54764,0.87178,0.54764,0.52144,-9.69902,1762,1414,43,41,3,combine,qda,top29
14,0.49928,0.002,0.56615,0.86293,0.56615,0.53757,-9.63095,1751,1425,40,44,3,combine,qda,top29
15,0.50066,0.00798,0.54094,0.86809,0.54094,0.54229,-9.24923,1781,1395,40,44,3,combine,qda,top29
16,0.50034,0.002,0.56589,0.84197,0.56589,0.55372,-9.54625,1778,1398,38,46,3,combine,qda,top29
17,0.49988,0.002,0.55753,0.85204,0.55753,0.53848,-9.8189,1719,1457,39,45,3,combine,qda,top29
18,0.50019,0.00399,0.54922,0.87513,0.54922,0.54559,-9.37668,1802,1374,40,44,3,combine,qda,top29
19,0.4998,0.00599,0.54742,0.86139,0.54742,0.53924,-10.057,1686,1490,38,46,3,combine,qda,top29
0,0.49895,0.002,0.57955,0.96069,0.59348,0.55356,-8.86619,1777,1399,38,46,3,m,rfc,top29
1,0.5007,0.002,0.57048,0.96964,0.55997,0.53814,-8.91193,1679,1497,38,46,3,m,rfc,top29
2,0.50075,0.002,0.57148,0.92342,0.56529,0.54585,-9.0011,1728,1448,38,46,3,m,rfc,top29
3,0.4986,0.002,0.57478,0.96286,0.57575,0.56122,-8.88386,1750,1426,36,48,3,m,rfc,top29
4,0.50024,0.002,0.57794,0.94585,0.57122,0.54226,-8.93679,1743,1433,39,45,3,m,rfc,top29
5,0.50033,0.04192,0.53294,0.9302,0.52616,0.50809,-8.89755,1715,1461,44,40,3,m,rfc,top29
6,0.50027,0.00399,0.55383,0.94027,0.55557,0.53826,-8.974,1642,1534,37,47,3,m,rfc,top29
7,0.50019,0.02794,0.53233,0.9452,0.5336,0.52598,-9.28947,1564,1612,37,47,3,m,rfc,top29
8,0.49979,0.002,0.57629,0.95849,0.59123,0.55404,-8.81684,1780,1396,38,46,3,m,rfc,top29
9,0.50013,0.17764,0.51689,0.95227,0.51489,0.51014,-9.05002,1728,1448,44,40,3,m,rfc,top29
10,0.4987,0.01996,0.53628,0.95342,0.54287,0.51788,-8.85115,1815,1361,45,39,3,m,rfc,top29
11,0.49974,0.002,0.55992,0.93379,0.55884,0.53471,-9.29741,1506,1670,34,50,3,m,rfc,top29
12,0.5004,0.02595,0.53197,0.96022,0.53424,0.53281,-8.73352,1872,1304,44,40,3,m,rfc,top29
13,0.49967,0.002,0.56593,0.94427,0.56768,0.54491,-8.88293,1722,1454,38,46,3,m,rfc,top29
14,0.5008,0.00399,0.54152,0.93945,0.53215,0.5181,-9.01671,1703,1473,42,42,3,m,rfc,top29
15,0.49961,0.002,0.59214,0.96034,0.5957,0.58144,-8.88312,1765,1411,33,51,3,m,rfc,top29
16,0.50047,0.002,0.55837,0.92803,0.56608,0.52103,-9.23037,1835,1341,45,39,3,m,rfc,top29
17,0.4992,0.002,0.55775,0.96666,0.55754,0.54774,-8.78581,1740,1436,38,46,3,m,rfc,top29
18,0.49975,0.00599,0.54049,0.94524,0.53487,0.55007,-9.22539,1717,1459,37,47,3,m,rfc,top29
19,0.49929,0.00399,0.55169,0.95188,0.55046,0.52503,-9.06565,1747,1429,42,42,3,m,rfc,top29
0,0.5,0.89421,0.47991,0.96803,0.47241,0.47297,-9.29093,1589,1588,46,37,0,f,rfc,top29
1,0.49996,1.0,0.43204,0.96298,0.43929,0.47099,-9.31886,1653,1524,48,35,0,f,rfc,top29
2,0.5007,0.99202,0.46093,0.96839,0.46947,0.46411,-9.30582,1571,1606,47,36,0,f,rfc,top29
3,0.50093,0.28343,0.50905,0.96646,0.51346,0.50615,-9.22901,1685,1492,43,40,0,f,rfc,top29
4,0.49952,0.73453,0.48827,0.96257,0.48088,0.50752,-9.37453,1732,1445,44,39,0,f,rfc,top29
5,0.50026,0.97804,0.46706,0.96535,0.46107,0.46533,-9.38851,1617,1560,48,35,0,f,rfc,top29
6,0.50136,0.44311,0.50455,0.9652,0.51085,0.5106,-9.38619,1675,1502,42,41,0,f,rfc,top29
7,0.49985,0.81437,0.4853,0.96001,0.49207,0.50356,-9.30332,1592,1585,41,42,0,f,rfc,top29
8,0.49884,0.80838,0.48478,0.96232,0.47777,0.49201,-9.29997,1710,1467,46,37,0,f,rfc,top29
9,0.50014,0.91617,0.4784,0.96459,0.49609,0.50127,-9.19978,1654,1523,43,40,0,f,rfc,top29
10,0.4992,1.0,0.44508,0.96568,0.44152,0.43887,-9.3411,1602,1575,52,31,0,f,rfc,top29
11,0.50142,0.83832,0.48562,0.96862,0.49874,0.48367,-9.22314,1657,1520,46,37,0,f,rfc,top29
12,0.50098,0.45908,0.50254,0.9652,0.5061,0.48841,-9.56711,1534,1643,42,41,0,f,rfc,top29
13,0.5,0.98004,0.4633,0.94068,0.45482,0.44813,-9.59135,1546,1631,49,34,0,f,rfc,top29
14,0.50082,0.99401,0.45918,0.97158,0.45733,0.47785,-9.48521,1620,1557,46,37,0,f,rfc,top29
15,0.5005,0.9022,0.47926,0.9727,0.47414,0.45825,-9.3146,1572,1605,48,35,0,f,rfc,top29
16,0.49938,1.0,0.43715,0.94925,0.44281,0.47052,-9.75896,1650,1527,48,35,0,f,rfc,top29
17,0.50073,0.32934,0.50785,0.97902,0.51888,0.53198,-9.2347,1696,1481,39,44,0,f,rfc,top29
18,0.50036,0.38922,0.50468,0.97109,0.5043,0.51022,-9.27337,1596,1581,40,43,0,f,rfc,top29
19,0.49964,0.34731,0.50559,0.96903,0.49581,0.49891,-9.27476,1639,1538,43,40,0,f,rfc,top29
0,0.5001,0.02994,0.5307,0.97501,0.53334,0.54967,-9.24361,1601,1575,34,50,1,f,rfc,top29
1,0.50054,0.03992,0.53074,0.98109,0.52398,0.53616,-9.14988,1553,1623,35,49,1,f,rfc,top29
2,0.49931,0.00399,0.54625,0.98013,0.53842,0.54371,-9.11617,1601,1575,35,49,1,f,rfc,top29
3,0.50092,0.00599,0.54626,0.98196,0.56775,0.56617,-9.01454,1668,1508,33,51,1,f,rfc,top29
4,0.50018,0.48902,0.50131,0.97152,0.51086,0.51178,-9.22847,1625,1551,41,43,1,f,rfc,top29
5,0.50123,0.01796,0.53589,0.98077,0.5319,0.50699,-9.37178,1519,1657,39,45,1,f,rfc,top29
6,0.50053,0.28343,0.50937,0.97703,0.50767,0.52942,-9.23616,1548,1628,36,48,1,f,rfc,top29
7,0.49866,0.08782,0.52221,0.98365,0.5218,0.52803,-9.2331,1577,1599,37,47,1,f,rfc,top29
8,0.49931,0.06786,0.52486,0.97483,0.51843,0.52523,-9.40173,1597,1579,38,46,1,f,rfc,top29
9,0.50125,0.05389,0.5269,0.9647,0.54094,0.54035,-9.38379,1504,1672,33,51,1,f,rfc,top29
10,0.50094,0.22555,0.51398,0.98097,0.52111,0.52778,-9.19264,1651,1525,39,45,1,f,rfc,top29
11,0.49948,0.1976,0.51205,0.99051,0.50219,0.49742,-9.37077,1496,1680,40,44,1,f,rfc,top29
12,0.49815,0.002,0.55451,0.97857,0.55882,0.52863,-9.31367,1543,1633,36,48,1,f,rfc,top29
13,0.50078,0.02595,0.53335,0.98613,0.53639,0.53165,-9.23554,1600,1576,37,47,1,f,rfc,top29
14,0.50002,0.002,0.56385,0.98565,0.56148,0.53128,-9.34353,1522,1654,35,49,1,f,rfc,top29
15,0.49981,0.24152,0.51105,0.97939,0.50795,0.51115,-9.20888,1621,1555,41,43,1,f,rfc,top29
16,0.49942,0.07186,0.52251,0.97634,0.51416,0.49792,-9.23887,1537,1639,41,43,1,f,rfc,top29
17,0.50045,0.07585,0.52407,0.98049,0.53032,0.51137,-9.25465,1509,1667,38,46,1,f,rfc,top29
18,0.49984,0.002,0.54473,0.98213,0.53885,0.53896,-9.21657,1533,1643,34,50,1,f,rfc,top29
19,0.49931,0.01796,0.53404,0.97562,0.5322,0.49118,-9.19275,1532,1644,42,42,1,f,rfc,top29
0,0.49897,0.01397,0.53846,0.65683,0.5321,0.55792,-9.03282,1746,1431,36,47,0,m,svc,top29
1,0.50004,0.00399,0.54343,0.65566,0.54319,0.52942,-9.02388,1718,1459,40,43,0,m,svc,top29
2,0.50058,0.01198,0.54084,0.65467,0.54057,0.53216,-9.01416,1812,1365,42,41,0,m,svc,top29
3,0.4996,0.002,0.56101,0.64325,0.55711,0.54349,-8.97818,1884,1293,42,41,0,m,svc,top29
4,0.50014,0.22355,0.51231,0.66427,0.511,0.52359,-9.23708,1681,1496,40,43,0,m,svc,top29
5,0.50106,0.002,0.56429,0.64662,0.56462,0.53847,-9.02109,1699,1478,38,45,0,m,svc,top29
6,0.50013,0.002,0.5524,0.6394,0.55159,0.54742,-9.11093,1641,1536,35,48,0,m,svc,top29
7,0.49968,0.02595,0.53301,0.63973,0.52841,0.53466,-8.97161,1981,1196,46,37,0,m,svc,top29
8,0.50068,0.002,0.56465,0.63382,0.55616,0.5289,-8.93899,1753,1424,41,42,0,m,svc,top29
9,0.49962,0.48902,0.5,0.38594,0.45789,0.52149,-9.24167,1859,1318,45,38,0,m,svc,top29
10,0.50033,0.03194,0.53079,0.62307,0.55715,0.56802,-9.0285,1925,1252,39,44,0,m,svc,top29
11,0.49869,0.002,0.56709,0.65555,0.56681,0.56559,-8.89901,1833,1344,37,46,0,m,svc,top29
12,0.50039,0.002,0.56057,0.64353,0.56,0.53196,-8.97015,1849,1328,43,40,0,m,svc,top29
13,0.50027,0.00399,0.55942,0.65941,0.55989,0.53468,-8.84841,1828,1349,42,41,0,m,svc,top29
14,0.50041,0.002,0.55339,0.66887,0.55239,0.53243,-8.89921,1852,1325,43,40,0,m,svc,top29
15,0.49966,0.002,0.55231,0.64216,0.55631,0.5764,-8.80729,1940,1237,38,45,0,m,svc,top29
16,0.50015,0.00399,0.55929,0.66288,0.56007,0.56323,-8.90293,1818,1359,37,46,0,m,svc,top29
17,0.50046,0.00599,0.54516,0.66404,0.54488,0.5485,-8.89031,1801,1376,39,44,0,m,svc,top29
18,0.49974,0.03593,0.53,0.65924,0.53078,0.53998,-9.1443,1632,1545,36,47,0,m,svc,top29
19,0.49984,0.03393,0.52887,0.6815,0.52829,0.52335,-9.04091,1756,1421,42,41,0,m,svc,top29
0,0.49978,0.002,0.59007,0.7409,0.59044,0.56225,-8.81776,1870,1306,39,45,1,m,svc,top29
1,0.49946,0.002,0.56945,0.71873,0.56729,0.557,-8.90204,1761,1415,37,47,1,m,svc,top29
2,0.50043,0.002,0.58943,0.73792,0.58656,0.54799,-8.82852,1855,1321,41,43,1,m,svc,top29
3,0.49916,0.002,0.59896,0.76322,0.59786,0.57554,-8.87995,1841,1335,36,48,1,m,svc,top29
4,0.49971,0.002,0.62355,0.76079,0.62387,0.6122,-8.86184,1847,1329,30,54,1,m,svc,top29
5,0.50036,0.01796,0.53591,0.74627,0.53589,0.53776,-8.99811,1601,1575,36,48,1,m,svc,top29
6,0.49972,0.002,0.59487,0.73542,0.60105,0.60244,-8.88268,1785,1391,30,54,1,m,svc,top29
7,0.49998,0.002,0.55593,0.74843,0.55546,0.54919,-8.86254,1787,1389,39,45,1,m,svc,top29
8,0.4998,0.002,0.55904,0.27564,0.44376,0.52906,-9.00269,1697,1479,40,44,1,m,svc,top29
9,0.50049,0.002,0.5843,0.73861,0.59068,0.58128,-8.93978,1764,1412,33,51,1,m,svc,top29
10,0.5017,0.002,0.55889,0.74914,0.5578,0.55476,-8.914,1709,1467,36,48,1,m,svc,top29
11,0.50067,0.00399,0.55665,0.78065,0.55673,0.53832,-9.24713,1718,1458,39,45,1,m,svc,top29
12,0.50122,0.002,0.57818,0.74474,0.57803,0.55048,-8.92313,1833,1343,40,44,1,m,svc,top29
13,0.50018,0.002,0.57459,0.75726,0.57483,0.53842,-9.00091,1643,1533,37,47,1,m,svc,top29
14,0.50057,0.002,0.59091,0.75563,0.59161,0.57174,-8.89773,1779,1397,35,49,1,m,svc,top29
15,0.49939,0.002,0.60885,0.76103,0.60938,0.58761,-8.90238,1653,1523,29,55,1,m,svc,top29
16,0.49948,0.002,0.58847,0.74258,0.58921,0.57073,-8.89323,1697,1479,33,51,1,m,svc,top29
17,0.49898,0.03593,0.53099,0.75527,0.53109,0.5296,-8.9341,1587,1589,37,47,1,m,svc,top29
18,0.50047,0.002,0.58194,0.75469,0.5836,0.55186,-8.8351,1804,1372,39,45,1,m,svc,top29
19,0.49897,0.002,0.58783,0.75777,0.58643,0.561,-8.94677,1673,1503,34,50,1,m,svc,top29
0,0.49992,0.002,0.6089,0.76239,0.60898,0.60468,-8.89603,1648,1528,26,58,3,m,svc,top29
1,0.49956,0.002,0.56987,0.75892,0.56977,0.53747,-8.81072,1826,1350,42,42,3,m,svc,top29
2,0.5002,0.002,0.58492,0.74196,0.58605,0.55032,-8.70782,1832,1344,40,44,3,m,svc,top29
3,0.49861,0.002,0.56813,0.74122,0.56797,0.56692,-8.81341,1824,1352,37,47,3,m,svc,top29
4,0.49985,0.002,0.57211,0.73284,0.57379,0.51307,-8.93911,1671,1505,42,42,3,m,svc,top29
5,0.49876,0.002,0.56961,0.74916,0.57012,0.56018,-8.79432,1630,1546,33,51,3,m,svc,top29
6,0.4983,0.002,0.55094,0.74352,0.55209,0.54506,-8.77847,1723,1453,38,46,3,m,svc,top29
7,0.50029,0.002,0.5861,0.748,0.58562,0.55615,-8.93843,1680,1496,35,49,3,m,svc,top29
8,0.49992,0.002,0.56727,0.73395,0.5647,0.54059,-8.84662,1808,1368,41,43,3,m,svc,top29
9,0.49934,0.002,0.54943,0.73008,0.54594,0.52481,-8.73793,1859,1317,45,39,3,m,svc,top29
10,0.49939,0.01198,0.5416,0.74679,0.53691,0.53215,-8.88976,1830,1346,43,41,3,m,svc,top29
11,0.49992,0.002,0.57677,0.75317,0.57737,0.56414,-8.72596,1882,1294,39,45,3,m,svc,top29
12,0.49946,0.002,0.60041,0.75157,0.60084,0.58677,-8.93458,1572,1604,27,57,3,m,svc,top29
13,0.50053,0.002,0.58545,0.72041,0.58468,0.5531,-8.91384,1585,1591,33,51,3,m,svc,top29
14,0.50141,0.002,0.60808,0.74922,0.60819,0.58415,-8.77579,1631,1545,29,55,3,m,svc,top29
15,0.50035,0.002,0.55918,0.75153,0.55998,0.54441,-8.84485,1492,1684,32,52,3,m,svc,top29
16,0.50027,0.002,0.573,0.73875,0.5732,0.55432,-8.88063,1744,1432,37,47,3,m,svc,top29
17,0.50026,0.002,0.57939,0.74252,0.57705,0.56141,-8.7863,1789,1387,37,47,3,m,svc,top29
18,0.49949,0.002,0.58486,0.76081,0.58541,0.5951,-8.81632,1814,1362,32,52,3,m,svc,top29
19,0.50037,0.002,0.56476,0.76266,0.56476,0.55114,-8.81015,1686,1490,36,48,3,m,svc,top29
0,0.50031,0.05389,0.52658,0.81361,0.52689,0.51615,-8.80384,1804,1372,45,39,4,m,svc,top29
1,0.5007,0.07784,0.52342,0.81852,0.52404,0.52506,-8.80964,1785,1391,43,41,4,m,svc,top29
2,0.49942,0.00798,0.53851,0.81923,0.53801,0.51104,-8.7807,1885,1291,48,36,4,m,svc,top29
3,0.50025,0.002,0.58176,0.82384,0.58149,0.56018,-8.70775,1819,1357,38,46,4,m,svc,top29
4,0.49964,0.00399,0.55563,0.82115,0.55652,0.55463,-8.82871,1935,1241,42,42,4,m,svc,top29
5,0.50024,0.00399,0.54712,0.82509,0.54693,0.54423,-8.70407,2058,1118,47,37,4,m,svc,top29
6,0.49885,0.002,0.57053,0.82385,0.57184,0.54708,-8.92574,1698,1478,37,47,4,m,svc,top29
7,0.49968,0.002,0.54949,0.8137,0.53757,0.49892,-8.89016,1808,1368,48,36,4,m,svc,top29
8,0.49966,0.002,0.57436,0.82586,0.57452,0.56752,-9.08167,1790,1386,36,48,4,m,svc,top29
9,0.49929,0.002,0.56614,0.80753,0.5665,0.56141,-8.75243,1789,1387,37,47,4,m,svc,top29
10,0.50025,0.00798,0.53724,0.8307,0.53817,0.53845,-8.89936,1681,1495,38,46,4,m,svc,top29
11,0.50074,0.00399,0.54855,0.83777,0.5485,0.54424,-8.85329,1869,1307,42,42,4,m,svc,top29
12,0.49976,0.01796,0.53377,0.81353,0.53343,0.52638,-8.80685,1869,1307,45,39,4,m,svc,top29
13,0.50117,0.62475,0.49559,0.49108,0.49111,0.51895,-8.96043,1784,1392,44,40,4,m,svc,top29
14,0.49952,0.002,0.55399,0.80496,0.55041,0.54131,-8.85503,1926,1250,44,40,4,m,svc,top29
15,0.49952,0.002,0.57146,0.81889,0.57133,0.54386,-8.75184,1791,1385,40,44,4,m,svc,top29
16,0.49977,0.002,0.55269,0.82315,0.55267,0.53454,-8.96355,1694,1482,39,45,4,m,svc,top29
17,0.50044,0.00599,0.552,0.83268,0.5527,0.51819,-8.75424,1817,1359,45,39,4,m,svc,top29
18,0.50054,0.02196,0.5364,0.82411,0.53779,0.54298,-8.8702,1861,1315,42,42,4,m,svc,top29
19,0.49928,0.03593,0.52823,0.80181,0.53179,0.53252,-8.77376,1908,1268,45,39,4,m,svc,top29
0,0.49904,0.11577,0.51905,1.0,0.51511,0.49981,-9.04242,1683,1494,44,39,0,f,svc,top29
1,0.50026,0.98403,0.46422,1.0,0.46456,0.47327,-8.97686,1744,1433,50,33,0,f,svc,top29
2,0.50007,0.91218,0.4784,1.0,0.47803,0.4986,-9.0704,1637,1540,43,40,0,f,svc,top29
3,0.49865,0.87625,0.47994,0.0,0.51769,0.4768,-9.15875,1843,1334,52,31,0,f,svc,top29
4,0.49941,0.09182,0.52127,0.0,0.53183,0.44701,-9.18819,1692,1485,53,30,0,f,svc,top29
5,0.50045,0.72056,0.49151,1.0,0.48217,0.5082,-9.07011,1698,1479,43,40,0,f,svc,top29
6,0.49837,0.99601,0.45748,0.5,0.5,0.51276,-9.07581,1727,1450,43,40,0,f,svc,top29
7,0.49888,0.998,0.45362,1.0,0.45712,0.48028,-9.04163,1712,1465,48,35,0,f,svc,top29
8,0.50038,0.09182,0.52277,1.0,0.52204,0.50898,-9.02394,1703,1474,43,40,0,f,svc,top29
9,0.50123,0.57485,0.49823,0.0,0.50194,0.49918,-9.11426,1679,1498,44,39,0,f,svc,top29
10,0.50007,0.99202,0.46274,1.0,0.46868,0.46724,-9.05111,1744,1433,51,32,0,f,svc,top29
11,0.50058,0.48902,0.50116,0.53652,0.50136,0.50516,-9.07177,1717,1460,44,39,0,f,svc,top29
12,0.50063,0.48703,0.50098,1.0,0.53038,0.53603,-9.04379,1760,1417,40,43,0,f,svc,top29
13,0.50047,0.46307,0.50195,0.61862,0.48508,0.50489,-9.06537,1677,1500,43,40,0,f,svc,top29
14,0.5004,0.20559,0.51499,1.0,0.52543,0.50253,-9.06031,1662,1515,43,40,0,f,svc,top29
15,0.49967,1.0,0.42808,1.0,0.42808,0.42015,-8.99833,1751,1426,59,24,0,f,svc,top29
16,0.5013,0.45908,0.50241,0.42836,0.48575,0.46461,-9.08138,1689,1488,50,33,0,f,svc,top29
17,0.49991,0.93413,0.47554,1.0,0.47309,0.48504,-8.96197,1704,1473,47,36,0,f,svc,top29
18,0.50138,0.65669,0.49567,1.0,0.48781,0.47453,-9.0024,1752,1425,50,33,0,f,svc,top29
19,0.50037,0.14172,0.51784,1.0,0.48065,0.47106,-9.00235,1730,1447,50,33,0,f,svc,top29
0,0.49956,0.01996,0.53695,0.77437,0.53577,0.53228,-8.93902,1604,1572,37,47,3,combine,svc,top29
1,0.49844,0.002,0.54518,0.78759,0.5454,0.55149,-8.91561,1726,1450,37,47,3,combine,svc,top29
2,0.50064,0.002,0.57453,0.79263,0.5744,0.55039,-8.81767,1719,1457,37,47,3,combine,svc,top29
3,0.50043,0.002,0.56541,0.78365,0.56599,0.54941,-8.87107,1675,1501,36,48,3,combine,svc,top29
4,0.49941,0.002,0.57748,0.78362,0.57922,0.54113,-8.87674,1698,1478,38,46,3,combine,svc,top29
5,0.50079,1.0,0.45978,0.72922,0.52767,0.54764,-8.93219,1815,1361,40,44,3,combine,svc,top29
6,0.49998,0.00399,0.54598,0.79091,0.54588,0.5319,-8.8516,1715,1461,40,44,3,combine,svc,top29
7,0.50012,0.00399,0.54041,0.79264,0.53803,0.50175,-8.8536,1826,1350,48,36,3,combine,svc,top29
8,0.49933,0.00599,0.53878,0.79582,0.53818,0.52501,-8.99413,1520,1656,36,48,3,combine,svc,top29
9,0.49968,0.002,0.56177,0.78955,0.56202,0.54018,-8.87286,1692,1484,38,46,3,combine,svc,top29
10,0.50043,0.002,0.56301,0.79085,0.5624,0.52069,-8.94955,1606,1570,39,45,3,combine,svc,top29
11,0.50197,0.002,0.59335,0.80106,0.59337,0.56793,-8.84236,1717,1459,34,50,3,combine,svc,top29
12,0.50061,0.02994,0.52993,0.77936,0.52933,0.49241,-8.89488,1691,1485,46,38,3,combine,svc,top29
13,0.49935,0.00599,0.5416,0.77427,0.54174,0.5161,-8.94842,1539,1637,38,46,3,combine,svc,top29
14,0.50121,0.002,0.56327,0.78735,0.56386,0.53978,-8.94357,1576,1600,35,49,3,combine,svc,top29
15,0.50024,0.002,0.55064,0.77451,0.53725,0.5005,-8.95429,1629,1547,43,41,3,combine,svc,top29
16,0.50037,0.002,0.55327,0.79482,0.55301,0.54847,-8.99119,1669,1507,36,48,3,combine,svc,top29
17,0.49973,0.002,0.575,0.7924,0.57499,0.56856,-8.84736,1532,1644,29,55,3,combine,svc,top29
18,0.50058,0.00399,0.55035,0.78088,0.55118,0.51471,-8.99376,1568,1608,39,45,3,combine,svc,top29
19,0.4994,0.00998,0.53797,0.78019,0.53789,0.53968,-8.92342,1651,1525,37,47,3,combine,svc,top29
